{
  "figma": {
    "colors": {
      "M3/sys/dark/background": "md.sys.color.background",
      "M3/sys/dark/error": "md.sys.color.error",
      "M3/sys/dark/error-container": "md.sys.color.error-container",
      "M3/sys/dark/inverse-on-surface": "md.sys.color.inverse-on-surface",
      "M3/sys/dark/inverse-surface": "md.sys.color.inverse-surface",
      "M3/sys/dark/on-background": "md.sys.color.on-background",
      "M3/sys/dark/on-error": "md.sys.color.on-error",
      "M3/sys/dark/on-error-container": "md.sys.color.on-error-container",
      "M3/sys/dark/on-primary": "md.sys.color.on-primary",
      "M3/sys/dark/on-primary-container": "md.sys.color.on-primary-container",
      "M3/sys/dark/on-secondary": "md.sys.color.on-secondary",
      "M3/sys/dark/on-secondary-container": "md.sys.color.on-secondary-container",
      "M3/sys/dark/on-surface": "md.sys.color.on-surface",
      "M3/sys/dark/on-surface-variant": "md.sys.color.on-surface-variant",
      "M3/sys/dark/on-tertiary": "md.sys.color.on-tertiary",
      "M3/sys/dark/on-tertiary-container": "md.sys.color.on-tertiary-container",
      "M3/sys/dark/outline": "md.sys.color.outline",
      "M3/sys/dark/primary": "md.sys.color.primary",
      "M3/sys/dark/primary-container": "md.sys.color.primary-container",
      "M3/sys/dark/secondary": "md.sys.color.secondary",
      "M3/sys/dark/secondary-container": "md.sys.color.secondary-container",
      "M3/sys/dark/surface": "md.sys.color.surface",
      "M3/sys/dark/surface-variant": "md.sys.color.surface-variant",
      "M3/sys/dark/tertiary": "md.sys.color.tertiary",
      "M3/sys/dark/tertiary-container": "md.sys.color.tertiary-container",
      "M3/sys/light/background": "md.sys.color.background",
      "M3/sys/light/error": "md.sys.color.error",
      "M3/sys/light/error-container": "md.sys.color.error-container",
      "M3/sys/light/inverse-on-surface": "md.sys.color.inverse-on-surface",
      "M3/sys/light/inverse-surface": "md.sys.color.inverse-surface",
      "M3/sys/light/on-background": "md.sys.color.on-background",
      "M3/sys/light/on-error": "md.sys.color.on-error",
      "M3/sys/light/on-error-container": "md.sys.color.on-error-container",
      "M3/sys/light/on-primary": "md.sys.color.on-primary",
      "M3/sys/light/on-primary-container": "md.sys.color.on-primary-container",
      "M3/sys/light/on-secondary": "md.sys.color.on-secondary",
      "M3/sys/light/on-secondary-container": "md.sys.color.on-secondary-container",
      "M3/sys/light/on-surface": "md.sys.color.on-surface",
      "M3/sys/light/on-surface-variant": "md.sys.color.on-surface-variant",
      "M3/sys/light/on-tertiary": "md.sys.color.on-tertiary",
      "M3/sys/light/on-tertiary-container": "md.sys.color.on-tertiary-container",
      "M3/sys/light/outline": "md.sys.color.outline",
      "M3/sys/light/primary": "md.sys.color.primary",
      "M3/sys/light/primary-container": "md.sys.color.primary-container",
      "M3/sys/light/secondary": "md.sys.color.secondary",
      "M3/sys/light/secondary-container": "md.sys.color.secondary-container",
      "M3/sys/light/surface": "md.sys.color.surface",
      "M3/sys/light/surface-variant": "md.sys.color.surface-variant",
      "M3/sys/light/tertiary": "md.sys.color.tertiary",
      "M3/sys/light/tertiary-container": "md.sys.color.tertiary-container"
    },
    "typography": {
      "symbols": {
        "M3/display/large": "md.sys.typescale.display-large",
        "M3/display/medium": "md.sys.typescale.display-medium",
        "M3/display/small": "md.sys.typescale.display-small",
        "M3/headline/large": "md.sys.typescale.headline-large",
        "M3/headline/medium": "md.sys.typescale.headline-medium",
        "M3/headline/small": "md.sys.typescale.headline-small",
        "M3/title/large": "md.sys.typescale.title-large",
        "M3/title/medium": "md.sys.typescale.title-medium",
        "M3/title/small": "md.sys.typescale.title-small",
        "M3/body/large": "md.sys.typescale.body-large",
        "M3/body/medium": "md.sys.typescale.body-medium",
        "M3/body/small": "md.sys.typescale.body-small",
        "M3/label/large": "md.sys.typescale.label-large",
        "M3/label/medium": "md.sys.typescale.label-medium",
        "M3/label/small": "md.sys.typescale.label-small",
        "M3/display2": "md.sys.typescale.display-large",
        "M3/display3": "md.sys.typescale.display-medium",
        "M3/headline1": "md.sys.typescale.display-small",
        "M3/headline2": "md.sys.typescale.headline-large",
        "M3/headline3": "md.sys.typescale.headline-medium",
        "M3/headline4": "md.sys.typescale.headline-small",
        "M3/headline5": "md.sys.typescale.title-large",
        "M3/subhead1": "md.sys.typescale.title-medium",
        "M3/subhead2": "md.sys.typescale.title-small",
        "M3/body1": "md.sys.typescale.body-large",
        "M3/body2": "md.sys.typescale.body-medium",
        "M3/caption": "md.sys.typescale.body-small",
        "M3/button": "md.sys.typescale.label-large",
        "M3/overline": "md.sys.typescale.label-medium",
        "M3/labelSmall": "md.sys.typescale.label-small"
      },
      "subproperties": {
        "fontFamily": "font",
        "fontWeight": "weight",
        "fontSize": "size",
        "letterSpacing": "tracking",
        "lineHeightPx": "line-height"
      }
    }
  },
  "compose": {
    "colors": {
      "md.sys.color.background": "MaterialTheme.colorScheme.background",
      "md.sys.color.error": "MaterialTheme.colorScheme.error",
      "md.sys.color.error-container": "MaterialTheme.colorScheme.errorContainer",
      "md.sys.color.inverse-on-surface": "MaterialTheme.colorScheme.inverseOnSurface",
      "md.sys.color.inverse-surface": "MaterialTheme.colorScheme.inverseSurface",
      "md.sys.color.on-background": "MaterialTheme.colorScheme.onBackground",
      "md.sys.color.on-error": "MaterialTheme.colorScheme.onError",
      "md.sys.color.on-error-container": "MaterialTheme.colorScheme.onErrorContainer",
      "md.sys.color.on-primary": "MaterialTheme.colorScheme.onPrimary",
      "md.sys.color.on-primary-container": "MaterialTheme.colorScheme.onPrimaryContainer",
      "md.sys.color.on-secondary": "MaterialTheme.colorScheme.onSecondary",
      "md.sys.color.on-secondary-container": "MaterialTheme.colorScheme.onSecondaryContainer",
      "md.sys.color.on-surface": "MaterialTheme.colorScheme.onSurface",
      "md.sys.color.on-surface-variant": "MaterialTheme.colorScheme.onSurfaceVariant",
      "md.sys.color.on-tertiary": "MaterialTheme.colorScheme.onTertiary",
      "md.sys.color.on-tertiary-container": "MaterialTheme.colorScheme.onTertiaryContainer",
      "md.sys.color.outline": "MaterialTheme.colorScheme.outline",
      "md.sys.color.primary": "MaterialTheme.colorScheme.primary",
      "md.sys.color.primary-container": "MaterialTheme.colorScheme.primaryContainer",
      "md.sys.color.secondary": "MaterialTheme.colorScheme.secondary",
      "md.sys.color.secondary-container": "MaterialTheme.colorScheme.secondaryContainer",
      "md.sys.color.surface": "MaterialTheme.colorScheme.surface",
      "md.sys.color.surface-variant": "MaterialTheme.colorScheme.surfaceVariant",
      "md.sys.color.tertiary": "MaterialTheme.colorScheme.tertiary",
      "md.sys.color.tertiary-container": "MaterialTheme.colorScheme.tertiaryContainer"
    },
    "typography": {
      "symbols": {
        "md.sys.typescale.display-large": "MaterialTheme.typography.displayLarge",
        "md.sys.typescale.display-medium": "MaterialTheme.typography.displayMedium",
        "md.sys.typescale.display-small": "MaterialTheme.typography.displaySmall",
        "md.sys.typescale.headline-large": "MaterialTheme.typography.headlineLarge",
        "md.sys.typescale.headline-medium": "MaterialTheme.typography.headlineMedium",
        "md.sys.typescale.headline-small": "MaterialTheme.typography.headlineSmall",
        "md.sys.typescale.title-large": "MaterialTheme.typography.titleLarge",
        "md.sys.typescale.title-medium": "MaterialTheme.typography.titleMedium",
        "md.sys.typescale.title-small": "MaterialTheme.typography.titleSmall",
        "md.sys.typescale.body-large": "MaterialTheme.typography.bodyLarge",
        "md.sys.typescale.body-medium": "MaterialTheme.typography.bodyMedium",
        "md.sys.typescale.body-small": "MaterialTheme.typography.bodySmall",
        "md.sys.typescale.label-large": "MaterialTheme.typography.labelLarge",
        "md.sys.typescale.label-medium": "MaterialTheme.typography.labelMedium",
        "md.sys.typescale.label-small": "MaterialTheme.typography.labelSmall"
      },
      "subproperties": {
        "font": "fontFamily",
        "weight": "fontWeight",
        "size": "fontSize",
        "tracking": "letterSpacing",
        "line-height": "lineHeight"
      }
    },
    "options": {
      "packages": {
        "MaterialTheme": "androidx.compose.material3"
      }
    }
  }
}
