{
  "name": "frame_7",
  "version": 33,
  "source-key": {
    "type": "figma",
    "file": "CTIPlDZ7ofRjHXmGjz3ddb",
    "node": "1:254",
    "version": "2190508242373426158",
    "component-id": "ff42cedc9c85205d2a238320b8ea428405d24562"
  },
  "default": "Frame 7",
  "design": {
    "atoms": [
      {
        "type": "group",
        "id": "top_level",
        "root": "true"
      },
      {
        "type": "vector",
        "id": "bg35"
      },
      {
        "type": "text",
        "id": "SMART MANAGER"
      },
      {
        "type": "group",
        "id": "options"
      },
      {
        "type": "vector",
        "id": "Rectangle 8"
      },
      {
        "type": "text",
        "id": "Add STICK NOTES"
      },
      {
        "type": "text",
        "id": "ADD SCHEDULE"
      },
      {
        "type": "group",
        "id": "Frame 109"
      },
      {
        "type": "image",
        "id": "close"
      }
    ],
    "modes": {
      "Frame 7": {
        "rules": [
          {
            "id": "top_level",
            "is-structured": false,
            "children": [
              "bg35",
              "SMART MANAGER",
              "options"
            ],
            "clip-content": false
          },
          {
            "id": "bg35",
            "alignment": {
              "horizontal": {
                "attachment": "center",
                "offset": 0.0
              },
              "vertical": {
                "attachment": "center",
                "offset": 0.0
              }
            },
            "size-constraints": {
              "width-constraints": {
                "sizing-mode": "fixed",
                "value": 480.0
              },
              "height-constraints": {
                "sizing-mode": "fixed",
                "value": 900.0
              }
            },
            "vector-content": "bg35.svg"
          },
          {
            "id": "SMART MANAGER",
            "alignment": {
              "horizontal": {
                "attachment": "center",
                "offset": 0.0
              },
              "vertical": {
                "attachment": "center",
                "offset": -375.0
              }
            },
            "size-constraints": {
              "width-constraints": {
                "sizing-mode": "fixed",
                "value": 350.0
              },
              "height-constraints": {
                "sizing-mode": "fixed",
                "value": 50.0
              }
            },
            "font-weight": 700.0,
            "text-content": "SMART MANAGER ",
            "overflow": "visible",
            "max-lines": -1,
            "text-align": "left",
            "text-align-vertical": "center",
            "text-size": 40.0,
            "line-height": 1.1960000038146972,
            "typeface": "Advent Pro"
          },
          {
            "id": "options",
            "alignment": {
              "horizontal": {
                "attachment": "center",
                "offset": 0.0
              },
              "vertical": {
                "attachment": "center",
                "offset": 17.0
              }
            },
            "size-constraints": {
              "width-constraints": {
                "sizing-mode": "fixed",
                "value": 300.0
              },
              "height-constraints": {
                "sizing-mode": "fixed",
                "value": 334.0
              }
            },
            "is-structured": false,
            "children": [
              "Rectangle 8",
              "Add STICK NOTES",
              "ADD SCHEDULE",
              "Frame 109"
            ],
            "clip-content": false
          },
          {
            "id": "Rectangle 8",
            "border-radius": 45.0,
            "alignment": {
              "horizontal": {
                "attachment": "center",
                "offset": 0.0
              },
              "vertical": {
                "attachment": "center",
                "offset": 0.0
              }
            },
            "size-constraints": {
              "width-constraints": {
                "sizing-mode": "fixed",
                "value": 300.0
              },
              "height-constraints": {
                "sizing-mode": "fixed",
                "value": 334.0
              }
            },
            "vector-content": "rectangle_8.svg"
          },
          {
            "id": "Add STICK NOTES",
            "alignment": {
              "horizontal": {
                "attachment": "center",
                "offset": 0.0
              },
              "vertical": {
                "attachment": "center",
                "offset": -52.58732604980469
              }
            },
            "tap-handler": "$on Add STICK NOTES tapped",
            "size-constraints": {
              "width-constraints": {
                "sizing-mode": "fixed",
                "value": 300.0
              },
              "height-constraints": {
                "sizing-mode": "shrink"
              }
            },
            "font-weight": 500.0,
            "color": {
              "alpha": 1.0,
              "hue": 66.0,
              "saturation": 0.4054054054054055,
              "value": 0.2901960784313726
            },
            "text-content": "Add STICK NOTES",
            "overflow": "visible",
            "max-lines": -1,
            "text-align": "left",
            "text-align-vertical": "center",
            "text-size": 32.0,
            "line-height": 1.2000000476837158,
            "typeface": "Albert Sans",
            "case": "upper"
          },
          {
            "id": "ADD SCHEDULE",
            "alignment": {
              "horizontal": {
                "attachment": "center",
                "offset": 0.0
              },
              "vertical": {
                "attachment": "center",
                "offset": 44.12391662597656
              }
            },
            "tap-handler": "$Edit STICKY NOTES text content",
            "size-constraints": {
              "width-constraints": {
                "sizing-mode": "fixed",
                "value": 300.0
              },
              "height-constraints": {
                "sizing-mode": "shrink"
              }
            },
            "font-weight": 500.0,
            "color": {
              "alpha": 1.0,
              "hue": 66.0,
              "saturation": 0.4054054054054055,
              "value": 0.2901960784313726
            },
            "text-content": "ADD SCHEDULE",
            "overflow": "visible",
            "max-lines": -1,
            "text-align": "left",
            "text-align-vertical": "center",
            "text-size": 32.0,
            "line-height": 1.2000000476837158,
            "typeface": "Albert Sans",
            "case": "upper"
          },
          {
            "id": "Frame 109",
            "alignment": {
              "horizontal": {
                "attachment": "start",
                "offset": 250.0
              },
              "vertical": {
                "attachment": "start",
                "offset": 18.0
              }
            },
            "size-constraints": {
              "width-constraints": {
                "sizing-mode": "fixed",
                "value": 30.0
              },
              "height-constraints": {
                "sizing-mode": "fixed",
                "value": 30.0
              }
            },
            "is-structured": false,
            "children": [
              "close"
            ],
            "clip-content": false
          },
          {
            "id": "close",
            "alignment": {
              "horizontal": {
                "attachment": "center",
                "offset": 0.0
              },
              "vertical": {
                "attachment": "center",
                "offset": 0.0
              }
            },
            "tap-handler": "$on close tapped",
            "size-constraints": {
              "width-constraints": {
                "sizing-mode": "fixed",
                "value": 30.0
              },
              "height-constraints": {
                "sizing-mode": "fixed",
                "value": 30.0
              }
            },
            "scale": "cover"
          }
        ]
      }
    }
  },
  "parameters": {
    "on Add STICK NOTES tapped": {
      "data-type": "void-callback",
      "required": false,
      "description": ""
    },
    "Edit STICKY NOTES text content": {
      "data-type": "void-callback",
      "required": false,
      "description": ""
    },
    "on close tapped": {
      "data-type": "void-callback",
      "required": false,
      "description": ""
    }
  },
  "previews": [
    {
      "design": "Frame 7",
      "size": {
        "width": 480.0,
        "height": 900.0
      }
    }
  ],
  "adin-component-search-paths": [],
  "image-search-paths": [],
  "vector-search-paths": []
}