{
  "name": "frame_6",
  "version": 33,
  "source-key": {
    "type": "figma",
    "file": "CTIPlDZ7ofRjHXmGjz3ddb",
    "node": "1:238",
    "version": "2190508242373426158",
    "component-id": "7e5de9d0f26f3c130d241dd81235c6d886213f3d"
  },
  "default": "Frame 6",
  "design": {
    "atoms": [
      {
        "type": "group",
        "id": "top_level",
        "root": "true"
      },
      {
        "type": "vector",
        "id": "bg35"
      },
      {
        "type": "text",
        "id": "SMART MANAGER"
      },
      {
        "type": "image",
        "id": "add35"
      },
      {
        "type": "group",
        "id": "notes"
      },
      {
        "type": "group",
        "id": "notes_frame6"
      },
      {
        "type": "group",
        "id": "stickynotes"
      },
      {
        "type": "group",
        "id": "notes_6"
      },
      {
        "type": "vector",
        "id": "notesbg35"
      },
      {
        "type": "text",
        "id": "MY SCHEDULES"
      },
      {
        "type": "vector",
        "id": "notesbg6"
      },
      {
        "type": "text",
        "id": "TIMER"
      },
      {
        "type": "vector",
        "id": "stnbg34"
      },
      {
        "type": "text",
        "id": "MY STICK NOTES"
      },
      {
        "type": "vector",
        "id": "notesbg33"
      },
      {
        "type": "text",
        "id": "NOTES"
      }
    ],
    "modes": {
      "Frame 6": {
        "rules": [
          {
            "id": "top_level",
            "is-structured": false,
            "children": [
              "bg35",
              "SMART MANAGER",
              "add35",
              "notes",
              "notes_frame6",
              "stickynotes",
              "notes_6"
            ],
            "clip-content": false
          },
          {
            "id": "bg35",
            "alignment": {
              "horizontal": {
                "attachment": "center",
                "offset": 0.0
              },
              "vertical": {
                "attachment": "center",
                "offset": 0.0
              }
            },
            "size-constraints": {
              "width-constraints": {
                "sizing-mode": "fixed",
                "value": 480.0
              },
              "height-constraints": {
                "sizing-mode": "fixed",
                "value": 900.0
              }
            },
            "vector-content": "bg35.svg"
          },
          {
            "id": "SMART MANAGER",
            "alignment": {
              "horizontal": {
                "attachment": "center",
                "offset": 0.0
              },
              "vertical": {
                "attachment": "center",
                "offset": -375.0
              }
            },
            "size-constraints": {
              "width-constraints": {
                "sizing-mode": "fixed",
                "value": 350.0
              },
              "height-constraints": {
                "sizing-mode": "fixed",
                "value": 50.0
              }
            },
            "font-weight": 700.0,
            "text-content": "SMART MANAGER ",
            "overflow": "visible",
            "max-lines": -1,
            "text-align": "left",
            "text-align-vertical": "center",
            "text-size": 40.0,
            "line-height": 1.1960000038146972,
            "typeface": "Advent Pro"
          },
          {
            "id": "add35",
            "opacity": 0.6499999761581421,
            "border-radius": 300.0,
            "alignment": {
              "horizontal": {
                "attachment": "center",
                "offset": 187.5
              },
              "vertical": {
                "attachment": "center",
                "offset": -372.5
              }
            },
            "tap-handler": "$add_tap",
            "size-constraints": {
              "width-constraints": {
                "sizing-mode": "fixed",
                "value": 55.0
              },
              "height-constraints": {
                "sizing-mode": "fixed",
                "value": 55.0
              }
            },
            "scale": "cover"
          },
          {
            "id": "notes",
            "border-radius": 25.0,
            "drop-shadow": {
              "color": {
                "alpha": 0.24705882352941178,
                "hue": 0.0,
                "saturation": 0.0,
                "value": 0.0
              },
              "blur": 4.0,
              "offset-x": 0.0,
              "offset-y": 4.0,
              "spread": 0.0,
              "blend-mode": "normal"
            },
            "alignment": {
              "horizontal": {
                "attachment": "start",
                "offset": 140.0
              },
              "vertical": {
                "attachment": "start",
                "offset": 385.0726318359375
              }
            },
            "tap-handler": "$sched_tap",
            "size-constraints": {
              "width-constraints": {
                "sizing-mode": "fixed",
                "value": 200.0
              },
              "height-constraints": {
                "sizing-mode": "fixed",
                "value": 75.0
              }
            },
            "is-structured": false,
            "children": [
              "notesbg35",
              "MY SCHEDULES"
            ],
            "clip-content": false
          },
          {
            "id": "notes_frame6",
            "border-radius": 25.0,
            "drop-shadow": {
              "color": {
                "alpha": 0.24705882352941178,
                "hue": 0.0,
                "saturation": 0.0,
                "value": 0.0
              },
              "blur": 4.0,
              "offset-x": 0.0,
              "offset-y": 4.0,
              "spread": 0.0,
              "blend-mode": "normal"
            },
            "alignment": {
              "horizontal": {
                "attachment": "start",
                "offset": 255.0
              },
              "vertical": {
                "attachment": "start",
                "offset": 720.0
              }
            },
            "tap-handler": "$timer_tap",
            "size-constraints": {
              "width-constraints": {
                "sizing-mode": "fixed",
                "value": 200.0
              },
              "height-constraints": {
                "sizing-mode": "fixed",
                "value": 75.0
              }
            },
            "is-structured": false,
            "children": [
              "notesbg6",
              "TIMER"
            ],
            "clip-content": false
          },
          {
            "id": "stickynotes",
            "border-radius": 25.0,
            "drop-shadow": {
              "color": {
                "alpha": 0.24705882352941178,
                "hue": 0.0,
                "saturation": 0.0,
                "value": 0.0
              },
              "blur": 4.0,
              "offset-x": 0.0,
              "offset-y": 4.0,
              "spread": 0.0,
              "blend-mode": "normal"
            },
            "alignment": {
              "horizontal": {
                "attachment": "center",
                "offset": 0.0
              },
              "vertical": {
                "attachment": "center",
                "offset": -152.4273681640625
              }
            },
            "tap-handler": "$stick_tap",
            "size-constraints": {
              "width-constraints": {
                "sizing-mode": "fixed",
                "value": 200.0
              },
              "height-constraints": {
                "sizing-mode": "fixed",
                "value": 75.0
              }
            },
            "is-structured": false,
            "children": [
              "stnbg34",
              "MY STICK NOTES"
            ],
            "clip-content": false
          },
          {
            "id": "notes_6",
            "border-radius": 25.0,
            "drop-shadow": {
              "color": {
                "alpha": 0.24705882352941178,
                "hue": 0.0,
                "saturation": 0.0,
                "value": 0.0
              },
              "blur": 4.0,
              "offset-x": 0.0,
              "offset-y": 4.0,
              "spread": 0.0,
              "blend-mode": "normal"
            },
            "alignment": {
              "horizontal": {
                "attachment": "start",
                "offset": 14.1341552734375
              },
              "vertical": {
                "attachment": "start",
                "offset": 720.0
              }
            },
            "tap-handler": "$notes_tap",
            "size-constraints": {
              "width-constraints": {
                "sizing-mode": "fixed",
                "value": 200.0
              },
              "height-constraints": {
                "sizing-mode": "fixed",
                "value": 75.0
              }
            },
            "is-structured": false,
            "children": [
              "notesbg33",
              "NOTES"
            ],
            "clip-content": false
          },
          {
            "id": "notesbg35",
            "border-radius": 25.0,
            "alignment": {
              "horizontal": {
                "attachment": "center",
                "offset": 0.0
              },
              "vertical": {
                "attachment": "center",
                "offset": 0.0
              }
            },
            "size-constraints": {
              "width-constraints": {
                "sizing-mode": "fixed",
                "value": 200.0
              },
              "height-constraints": {
                "sizing-mode": "fixed",
                "value": 75.0
              }
            },
            "vector-content": "notesbg35.svg"
          },
          {
            "id": "MY SCHEDULES",
            "alignment": {
              "horizontal": {
                "attachment": "center",
                "offset": 0.0
              },
              "vertical": {
                "attachment": "center",
                "offset": 0.0
              }
            },
            "size-constraints": {
              "width-constraints": {
                "sizing-mode": "fixed",
                "value": 200.0
              },
              "height-constraints": {
                "sizing-mode": "fixed",
                "value": 75.0
              }
            },
            "color": {
              "alpha": 1.0,
              "hue": 68.78048780487804,
              "saturation": 0.3904761904761905,
              "value": 0.4117647058823529
            },
            "text-content": "MY SCHEDULES",
            "overflow": "visible",
            "max-lines": -1,
            "text-align": "left",
            "text-align-vertical": "center",
            "text-size": 24.0,
            "line-height": 1.2000000476837158,
            "typeface": "Albert Sans"
          },
          {
            "id": "notesbg6",
            "border-radius": 25.0,
            "alignment": {
              "horizontal": {
                "attachment": "center",
                "offset": 0.0
              },
              "vertical": {
                "attachment": "center",
                "offset": 0.0
              }
            },
            "size-constraints": {
              "width-constraints": {
                "sizing-mode": "fixed",
                "value": 200.0
              },
              "height-constraints": {
                "sizing-mode": "fixed",
                "value": 75.0
              }
            },
            "vector-content": "notesbg6.svg"
          },
          {
            "id": "TIMER",
            "alignment": {
              "horizontal": {
                "attachment": "center",
                "offset": 0.0
              },
              "vertical": {
                "attachment": "center",
                "offset": 0.0
              }
            },
            "size-constraints": {
              "width-constraints": {
                "sizing-mode": "fixed",
                "value": 200.0
              },
              "height-constraints": {
                "sizing-mode": "fixed",
                "value": 75.0
              }
            },
            "font-weight": 800.0,
            "color": {
              "alpha": 1.0,
              "hue": 66.0,
              "saturation": 0.4054054054054055,
              "value": 0.2901960784313726
            },
            "text-content": "TIMER",
            "overflow": "visible",
            "max-lines": -1,
            "text-align": "left",
            "text-align-vertical": "center",
            "text-size": 32.0,
            "line-height": 1.2000000476837158,
            "typeface": "Albert Sans"
          },
          {
            "id": "stnbg34",
            "border-radius": 25.0,
            "alignment": {
              "horizontal": {
                "attachment": "center",
                "offset": 0.0
              },
              "vertical": {
                "attachment": "center",
                "offset": 0.0
              }
            },
            "size-constraints": {
              "width-constraints": {
                "sizing-mode": "fixed",
                "value": 200.0
              },
              "height-constraints": {
                "sizing-mode": "fixed",
                "value": 75.0
              }
            },
            "vector-content": "stnbg34.svg"
          },
          {
            "id": "MY STICK NOTES",
            "alignment": {
              "horizontal": {
                "attachment": "center",
                "offset": 0.0
              },
              "vertical": {
                "attachment": "center",
                "offset": 0.0
              }
            },
            "size-constraints": {
              "width-constraints": {
                "sizing-mode": "fixed",
                "value": 200.0
              },
              "height-constraints": {
                "sizing-mode": "fixed",
                "value": 75.0
              }
            },
            "color": {
              "alpha": 1.0,
              "hue": 68.78048780487804,
              "saturation": 0.3904761904761905,
              "value": 0.4117647058823529
            },
            "text-content": "MY STICK NOTES",
            "overflow": "visible",
            "max-lines": -1,
            "text-align": "left",
            "text-align-vertical": "center",
            "text-size": 24.0,
            "line-height": 1.2000000476837158,
            "typeface": "Albert Sans"
          },
          {
            "id": "notesbg33",
            "border-radius": 25.0,
            "alignment": {
              "horizontal": {
                "attachment": "center",
                "offset": 0.0
              },
              "vertical": {
                "attachment": "center",
                "offset": 0.0
              }
            },
            "size-constraints": {
              "width-constraints": {
                "sizing-mode": "fixed",
                "value": 200.0
              },
              "height-constraints": {
                "sizing-mode": "fixed",
                "value": 75.0
              }
            },
            "vector-content": "notesbg33.svg"
          },
          {
            "id": "NOTES",
            "alignment": {
              "horizontal": {
                "attachment": "center",
                "offset": 0.0
              },
              "vertical": {
                "attachment": "center",
                "offset": 0.0
              }
            },
            "size-constraints": {
              "width-constraints": {
                "sizing-mode": "fixed",
                "value": 200.0
              },
              "height-constraints": {
                "sizing-mode": "fixed",
                "value": 75.0
              }
            },
            "font-weight": 800.0,
            "color": {
              "alpha": 1.0,
              "hue": 66.0,
              "saturation": 0.4054054054054055,
              "value": 0.2901960784313726
            },
            "text-content": "NOTES",
            "overflow": "visible",
            "max-lines": -1,
            "text-align": "left",
            "text-align-vertical": "center",
            "text-size": 32.0,
            "line-height": 1.2000000476837158,
            "typeface": "Albert Sans"
          }
        ]
      }
    }
  },
  "parameters": {
    "add_tap": {
      "data-type": "void-callback",
      "required": false,
      "description": ""
    },
    "sched_tap": {
      "data-type": "void-callback",
      "required": false,
      "description": ""
    },
    "timer_tap": {
      "data-type": "void-callback",
      "required": false,
      "description": ""
    },
    "stick_tap": {
      "data-type": "void-callback",
      "required": false,
      "description": ""
    },
    "notes_tap": {
      "data-type": "void-callback",
      "required": false,
      "description": ""
    }
  },
  "previews": [
    {
      "design": "Frame 6",
      "size": {
        "width": 480.0,
        "height": 900.0
      }
    }
  ],
  "adin-component-search-paths": [],
  "image-search-paths": [],
  "vector-search-paths": []
}