{
  "name": "frame_2",
  "version": 33,
  "source-key": {
    "type": "figma",
    "file": "CTIPlDZ7ofRjHXmGjz3ddb",
    "node": "1:218",
    "version": "2190508242373426158",
    "component-id": "dbd94789e589112a50608795b855dbf9bf1fdf47"
  },
  "default": "Frame 2",
  "design": {
    "atoms": [
      {
        "type": "group",
        "id": "top_level",
        "root": "true"
      },
      {
        "type": "image",
        "id": "airplane"
      }
    ],
    "modes": {
      "Frame 2": {
        "rules": [
          {
            "id": "top_level",
            "is-structured": false,
            "children": [
              "airplane"
            ],
            "background-color": {
              "alpha": 1.0,
              "hue": 0.0,
              "saturation": 0.0,
              "value": 1.0
            }
          },
          {
            "id": "airplane",
            "alignment": {
              "horizontal": {
                "attachment": "center",
                "offset": 0.0
              },
              "vertical": {
                "attachment": "center",
                "offset": -45.5560302734375
              }
            },
            "size-constraints": {
              "width-constraints": {
                "sizing-mode": "fixed",
                "value": 480.0
              },
              "height-constraints": {
                "sizing-mode": "fixed",
                "value": 700.0
              }
            },
            "image-content": "airplane.png",
            "scale": "cover"
          }
        ]
      }
    }
  },
  "previews": [
    {
      "design": "Frame 2",
      "size": {
        "width": 480.0,
        "height": 900.0
      }
    }
  ],
  "adin-component-search-paths": [],
  "image-search-paths": [],
  "vector-search-paths": []
}