{
  "name": "frame_11",
  "version": 33,
  "source-key": {
    "type": "figma",
    "file": "CTIPlDZ7ofRjHXmGjz3ddb",
    "node": "1:326",
    "version": "2190508242373426158",
    "component-id": "ec35a96a63b37d5d3086c9399e4019b94edd6d93"
  },
  "default": "Frame 11",
  "design": {
    "atoms": [
      {
        "type": "group",
        "id": "top_level",
        "root": "true"
      },
      {
        "type": "vector",
        "id": "LOGINBG"
      },
      {
        "type": "text",
        "id": "SMART MANAGER"
      },
      {
        "type": "group",
        "id": "notes"
      },
      {
        "type": "group",
        "id": "pin1"
      },
      {
        "type": "vector",
        "id": "notesbg33"
      },
      {
        "type": "text",
        "id": "DONE"
      },
      {
        "type": "image",
        "id": "pinbg35"
      },
      {
        "type": "text",
        "id": "I will follow my schedule and be consistent!"
      }
    ],
    "modes": {
      "Frame 11": {
        "rules": [
          {
            "id": "top_level",
            "is-structured": false,
            "children": [
              "LOGINBG",
              "SMART MANAGER",
              "notes",
              "pin1"
            ],
            "clip-content": false
          },
          {
            "id": "LOGINBG",
            "alignment": {
              "horizontal": {
                "attachment": "center",
                "offset": 0.0
              },
              "vertical": {
                "attachment": "center",
                "offset": 0.0
              }
            },
            "size-constraints": {
              "width-constraints": {
                "sizing-mode": "fixed",
                "value": 480.0
              },
              "height-constraints": {
                "sizing-mode": "fixed",
                "value": 900.0
              }
            },
            "vector-content": "loginbg.svg"
          },
          {
            "id": "SMART MANAGER",
            "alignment": {
              "horizontal": {
                "attachment": "center",
                "offset": 0.0
              },
              "vertical": {
                "attachment": "center",
                "offset": -375.0
              }
            },
            "size-constraints": {
              "width-constraints": {
                "sizing-mode": "fixed",
                "value": 350.0
              },
              "height-constraints": {
                "sizing-mode": "fixed",
                "value": 50.0
              }
            },
            "font-weight": 700.0,
            "text-content": "SMART MANAGER ",
            "overflow": "visible",
            "max-lines": -1,
            "text-align": "left",
            "text-align-vertical": "center",
            "text-size": 40.0,
            "line-height": 1.1960000038146972,
            "typeface": "Advent Pro"
          },
          {
            "id": "notes",
            "border-radius": 25.0,
            "drop-shadow": {
              "color": {
                "alpha": 0.24705882352941178,
                "hue": 0.0,
                "saturation": 0.0,
                "value": 0.0
              },
              "blur": 4.0,
              "offset-x": 0.0,
              "offset-y": 4.0,
              "spread": 0.0,
              "blend-mode": "normal"
            },
            "alignment": {
              "horizontal": {
                "attachment": "start",
                "offset": 165.0
              },
              "vertical": {
                "attachment": "start",
                "offset": 650.0
              }
            },
            "tap-handler": "$notes_edit11",
            "size-constraints": {
              "width-constraints": {
                "sizing-mode": "fixed",
                "value": 150.0
              },
              "height-constraints": {
                "sizing-mode": "fixed",
                "value": 50.0
              }
            },
            "is-structured": false,
            "children": [
              "notesbg33",
              "DONE"
            ],
            "clip-content": false
          },
          {
            "id": "pin1",
            "drop-shadow": {
              "color": {
                "alpha": 0.24705882352941178,
                "hue": 0.0,
                "saturation": 0.0,
                "value": 0.0
              },
              "blur": 4.0,
              "offset-x": 0.0,
              "offset-y": 4.0,
              "spread": 0.0,
              "blend-mode": "normal"
            },
            "alignment": {
              "horizontal": {
                "attachment": "start",
                "offset": 65.0
              },
              "vertical": {
                "attachment": "start",
                "offset": 227.32432556152344
              }
            },
            "tap-handler": "$done11",
            "size-constraints": {
              "width-constraints": {
                "sizing-mode": "fixed",
                "value": 350.0
              },
              "height-constraints": {
                "sizing-mode": "fixed",
                "value": 350.0
              }
            },
            "is-structured": false,
            "children": [
              "pinbg35",
              "I will follow my schedule and be consistent!"
            ],
            "clip-content": false
          },
          {
            "id": "notesbg33",
            "border-radius": 25.0,
            "alignment": {
              "horizontal": {
                "attachment": "center",
                "offset": 0.0
              },
              "vertical": {
                "attachment": "center",
                "offset": 0.0
              }
            },
            "size-constraints": {
              "width-constraints": {
                "sizing-mode": "fixed",
                "value": 150.0
              },
              "height-constraints": {
                "sizing-mode": "fixed",
                "value": 50.0
              }
            },
            "vector-content": "notesbg33.svg"
          },
          {
            "id": "DONE",
            "alignment": {
              "horizontal": {
                "attachment": "center",
                "offset": 0.0
              },
              "vertical": {
                "attachment": "center",
                "offset": 0.0
              }
            },
            "size-constraints": {
              "width-constraints": {
                "sizing-mode": "fixed",
                "value": 150.0
              },
              "height-constraints": {
                "sizing-mode": "fixed",
                "value": 50.0
              }
            },
            "font-weight": 500.0,
            "color": {
              "alpha": 1.0,
              "hue": 66.0,
              "saturation": 0.4054054054054055,
              "value": 0.2901960784313726
            },
            "text-content": "DONE",
            "overflow": "visible",
            "max-lines": -1,
            "text-align": "left",
            "text-align-vertical": "center",
            "text-size": 32.0,
            "line-height": 1.2000000476837158,
            "typeface": "Albert Sans"
          },
          {
            "id": "pinbg35",
            "alignment": {
              "horizontal": {
                "attachment": "center",
                "offset": -2.485198974609375
              },
              "vertical": {
                "attachment": "center",
                "offset": 0.0
              }
            },
            "size-constraints": {
              "width-constraints": {
                "sizing-mode": "fixed",
                "value": 345.02960205078125
              },
              "height-constraints": {
                "sizing-mode": "fixed",
                "value": 350.0
              }
            },
            "scale": "cover"
          },
          {
            "id": "I will follow my schedule and be consistent!",
            "alignment": {
              "horizontal": {
                "attachment": "center",
                "offset": 0.0
              },
              "vertical": {
                "attachment": "center",
                "offset": 0.0
              }
            },
            "size-constraints": {
              "width-constraints": {
                "sizing-mode": "fixed",
                "value": 350.0
              },
              "height-constraints": {
                "sizing-mode": "fixed",
                "value": 350.0
              }
            },
            "color": {
              "alpha": 1.0,
              "hue": 66.0,
              "saturation": 0.4054054054054055,
              "value": 0.2901960784313726
            },
            "text-content": "I will follow my schedule and be consistent!",
            "overflow": "visible",
            "max-lines": -1,
            "text-align": "left",
            "text-align-vertical": "center",
            "text-size": 24.0,
            "line-height": 1.3799999554951983,
            "typeface": "Akshar"
          }
        ]
      }
    }
  },
  "parameters": {
    "notes_edit11": {
      "data-type": "void-callback",
      "required": false,
      "description": ""
    },
    "done11": {
      "data-type": "void-callback",
      "required": false,
      "description": ""
    }
  },
  "previews": [
    {
      "design": "Frame 11",
      "size": {
        "width": 480.0,
        "height": 900.0
      }
    }
  ],
  "adin-component-search-paths": [],
  "image-search-paths": [],
  "vector-search-paths": []
}