{
  "name": "frame_13",
  "version": 33,
  "source-key": {
    "type": "figma",
    "file": "CTIPlDZ7ofRjHXmGjz3ddb",
    "node": "1:348",
    "version": "2190508242373426158",
    "component-id": "a9a2221ac64f9f8f7247103696175ce19c615403"
  },
  "default": "Frame 13",
  "design": {
    "atoms": [
      {
        "type": "group",
        "id": "top_level",
        "root": "true"
      },
      {
        "type": "vector",
        "id": "LOGINBG"
      },
      {
        "type": "vector",
        "id": "bg design"
      },
      {
        "type": "text",
        "id": "SMART MANAGER"
      },
      {
        "type": "text",
        "id": "Priority level"
      },
      {
        "type": "group",
        "id": "arrow_back"
      },
      {
        "type": "group",
        "id": "low button"
      },
      {
        "type": "group",
        "id": "medium button"
      },
      {
        "type": "group",
        "id": "high button"
      },
      {
        "type": "group",
        "id": "done button"
      },
      {
        "type": "group",
        "id": "title"
      },
      {
        "type": "group",
        "id": "title1"
      },
      {
        "type": "group",
        "id": "repeat"
      },
      {
        "type": "vector",
        "id": "icon"
      },
      {
        "type": "vector",
        "id": "low button bg"
      },
      {
        "type": "text",
        "id": "Low"
      },
      {
        "type": "vector",
        "id": "medium button bg"
      },
      {
        "type": "text",
        "id": "Medium"
      },
      {
        "type": "vector",
        "id": "high bg 32"
      },
      {
        "type": "text",
        "id": "High"
      },
      {
        "type": "vector",
        "id": "done button bg"
      },
      {
        "type": "text",
        "id": "DONE"
      },
      {
        "type": "vector",
        "id": "title bg"
      },
      {
        "type": "text",
        "id": "Title:"
      },
      {
        "type": "vector",
        "id": "title bg1"
      },
      {
        "type": "text",
        "id": "Time:"
      },
      {
        "type": "vector",
        "id": "Line time 1"
      },
      {
        "type": "vector",
        "id": "line time 2"
      },
      {
        "type": "vector",
        "id": "repeat bg"
      },
      {
        "type": "text",
        "id": "Repeat:"
      },
      {
        "type": "text",
        "id": "Every...."
      },
      {
        "type": "text",
        "id": "Yes or No"
      },
      {
        "type": "vector",
        "id": "line repeat"
      }
    ],
    "modes": {
      "Frame 13": {
        "rules": [
          {
            "id": "top_level",
            "is-structured": false,
            "children": [
              "LOGINBG",
              "bg design",
              "SMART MANAGER",
              "Priority level",
              "arrow_back",
              "low button",
              "medium button",
              "high button",
              "done button",
              "title",
              "title1",
              "repeat"
            ],
            "clip-content": false
          },
          {
            "id": "LOGINBG",
            "alignment": {
              "horizontal": {
                "attachment": "center",
                "offset": 0.0
              },
              "vertical": {
                "attachment": "center",
                "offset": 0.0
              }
            },
            "size-constraints": {
              "width-constraints": {
                "sizing-mode": "fixed",
                "value": 480.0
              },
              "height-constraints": {
                "sizing-mode": "fixed",
                "value": 900.0
              }
            },
            "vector-content": "loginbg.svg"
          },
          {
            "id": "bg design",
            "alignment": {
              "horizontal": {
                "attachment": "center",
                "offset": 0.0
              },
              "vertical": {
                "attachment": "center",
                "offset": 112.5
              }
            },
            "size-constraints": {
              "width-constraints": {
                "sizing-mode": "fixed",
                "value": 480.0
              },
              "height-constraints": {
                "sizing-mode": "fixed",
                "value": 675.0
              }
            },
            "vector-content": "bg_design.svg"
          },
          {
            "id": "SMART MANAGER",
            "alignment": {
              "horizontal": {
                "attachment": "center",
                "offset": 0.0
              },
              "vertical": {
                "attachment": "center",
                "offset": -375.0
              }
            },
            "size-constraints": {
              "width-constraints": {
                "sizing-mode": "fixed",
                "value": 350.0
              },
              "height-constraints": {
                "sizing-mode": "fixed",
                "value": 50.0
              }
            },
            "font-weight": 700.0,
            "text-content": "SMART MANAGER ",
            "overflow": "visible",
            "max-lines": -1,
            "text-align": "left",
            "text-align-vertical": "center",
            "text-size": 40.0,
            "line-height": 1.1960000038146972,
            "typeface": "Advent Pro"
          },
          {
            "id": "Priority level",
            "alignment": {
              "horizontal": {
                "attachment": "center",
                "offset": 18.0
              },
              "vertical": {
                "attachment": "center",
                "offset": 68.0
              }
            },
            "size-constraints": {
              "width-constraints": {
                "sizing-mode": "fixed",
                "value": 178.0
              },
              "height-constraints": {
                "sizing-mode": "fixed",
                "value": 36.0
              }
            },
            "font-weight": 300.0,
            "color": {
              "alpha": 1.0,
              "hue": 66.0,
              "saturation": 0.4054054054054055,
              "value": 0.2901960784313726
            },
            "text-content": "Priority level",
            "overflow": "visible",
            "max-lines": -1,
            "text-align": "left",
            "text-size": 25.0,
            "line-height": 1.2000000762939453,
            "typeface": "Aleo"
          },
          {
            "id": "arrow_back",
            "alignment": {
              "horizontal": {
                "attachment": "center",
                "offset": -195.0
              },
              "vertical": {
                "attachment": "center",
                "offset": -400.0
              }
            },
            "tap-handler": "$arrow_back13",
            "size-constraints": {
              "width-constraints": {
                "sizing-mode": "fixed",
                "value": 50.0
              },
              "height-constraints": {
                "sizing-mode": "fixed",
                "value": 40.0
              }
            },
            "is-structured": false,
            "children": [
              "icon"
            ],
            "clip-content": false
          },
          {
            "id": "low button",
            "border-radius": 10.0,
            "alignment": {
              "horizontal": {
                "attachment": "start",
                "offset": 165.0
              },
              "vertical": {
                "attachment": "start",
                "offset": 550.0
              }
            },
            "size-constraints": {
              "width-constraints": {
                "sizing-mode": "fixed",
                "value": 200.0
              },
              "height-constraints": {
                "sizing-mode": "fixed",
                "value": 30.0
              }
            },
            "is-structured": false,
            "children": [
              "low button bg",
              "Low"
            ],
            "clip-content": false
          },
          {
            "id": "medium button",
            "border-radius": 10.0,
            "alignment": {
              "horizontal": {
                "attachment": "start",
                "offset": 165.0
              },
              "vertical": {
                "attachment": "start",
                "offset": 600.0
              }
            },
            "size-constraints": {
              "width-constraints": {
                "sizing-mode": "fixed",
                "value": 200.0
              },
              "height-constraints": {
                "sizing-mode": "fixed",
                "value": 30.0
              }
            },
            "is-structured": false,
            "children": [
              "medium button bg",
              "Medium"
            ],
            "clip-content": false
          },
          {
            "id": "high button",
            "border-radius": 10.0,
            "alignment": {
              "horizontal": {
                "attachment": "start",
                "offset": 165.0
              },
              "vertical": {
                "attachment": "start",
                "offset": 650.0
              }
            },
            "size-constraints": {
              "width-constraints": {
                "sizing-mode": "fixed",
                "value": 200.0
              },
              "height-constraints": {
                "sizing-mode": "fixed",
                "value": 30.0
              }
            },
            "is-structured": false,
            "children": [
              "high bg 32",
              "High"
            ],
            "clip-content": false
          },
          {
            "id": "done button",
            "alignment": {
              "horizontal": {
                "attachment": "start",
                "offset": 215.0
              },
              "vertical": {
                "attachment": "start",
                "offset": 750.0
              }
            },
            "tap-handler": "$done_schedule13",
            "size-constraints": {
              "width-constraints": {
                "sizing-mode": "fixed",
                "value": 100.0
              },
              "height-constraints": {
                "sizing-mode": "fixed",
                "value": 30.0
              }
            },
            "is-structured": false,
            "children": [
              "done button bg",
              "DONE"
            ],
            "clip-content": false
          },
          {
            "id": "title",
            "border-radius": 10.0,
            "alignment": {
              "horizontal": {
                "attachment": "start",
                "offset": 65.0
              },
              "vertical": {
                "attachment": "start",
                "offset": 260.0
              }
            },
            "size-constraints": {
              "width-constraints": {
                "sizing-mode": "fixed",
                "value": 350.0
              },
              "height-constraints": {
                "sizing-mode": "fixed",
                "value": 30.0
              }
            },
            "is-structured": false,
            "children": [
              "title bg",
              "Title:"
            ],
            "clip-content": false
          },
          {
            "id": "title1",
            "border-radius": 10.0,
            "alignment": {
              "horizontal": {
                "attachment": "start",
                "offset": 65.0
              },
              "vertical": {
                "attachment": "start",
                "offset": 340.0
              }
            },
            "size-constraints": {
              "width-constraints": {
                "sizing-mode": "fixed",
                "value": 350.0
              },
              "height-constraints": {
                "sizing-mode": "fixed",
                "value": 30.0
              }
            },
            "is-structured": false,
            "children": [
              "title bg1",
              "Time:",
              "Line time 1",
              "line time 2"
            ],
            "clip-content": false
          },
          {
            "id": "repeat",
            "border-radius": 10.0,
            "alignment": {
              "horizontal": {
                "attachment": "start",
                "offset": 65.0
              },
              "vertical": {
                "attachment": "start",
                "offset": 420.0
              }
            },
            "size-constraints": {
              "width-constraints": {
                "sizing-mode": "fixed",
                "value": 350.0
              },
              "height-constraints": {
                "sizing-mode": "fixed",
                "value": 30.0
              }
            },
            "is-structured": false,
            "children": [
              "repeat bg",
              "Repeat:",
              "Every....",
              "Yes or No",
              "line repeat"
            ],
            "clip-content": false
          },
          {
            "id": "icon",
            "size-constraints": {
              "width-constraints": {
                "sizing-mode": "proportional",
                "value": 1.0
              },
              "height-constraints": {
                "sizing-mode": "proportional",
                "value": 1.0
              }
            },
            "vector-content": "icon.svg"
          },
          {
            "id": "low button bg",
            "border-radius": 10.0,
            "alignment": {
              "horizontal": {
                "attachment": "center",
                "offset": 0.0
              },
              "vertical": {
                "attachment": "center",
                "offset": 0.0
              }
            },
            "size-constraints": {
              "width-constraints": {
                "sizing-mode": "fixed",
                "value": 200.0
              },
              "height-constraints": {
                "sizing-mode": "fixed",
                "value": 30.0
              }
            },
            "vector-content": "low_button_bg.svg"
          },
          {
            "id": "Low",
            "alignment": {
              "horizontal": {
                "attachment": "center",
                "offset": 0.0
              },
              "vertical": {
                "attachment": "center",
                "offset": 0.0
              }
            },
            "size-constraints": {
              "width-constraints": {
                "sizing-mode": "fixed",
                "value": 200.0
              },
              "height-constraints": {
                "sizing-mode": "fixed",
                "value": 30.0
              }
            },
            "font-weight": 300.0,
            "color": {
              "alpha": 1.0,
              "hue": 66.0,
              "saturation": 0.4054054054054055,
              "value": 0.2901960784313726
            },
            "text-content": "Low",
            "overflow": "visible",
            "max-lines": -1,
            "text-align": "left",
            "text-align-vertical": "center",
            "text-size": 20.0,
            "line-height": 1.2,
            "typeface": "Albert Sans"
          },
          {
            "id": "medium button bg",
            "border-radius": 10.0,
            "alignment": {
              "horizontal": {
                "attachment": "center",
                "offset": 0.0
              },
              "vertical": {
                "attachment": "center",
                "offset": 0.0
              }
            },
            "size-constraints": {
              "width-constraints": {
                "sizing-mode": "fixed",
                "value": 200.0
              },
              "height-constraints": {
                "sizing-mode": "fixed",
                "value": 30.0
              }
            },
            "vector-content": "medium_button_bg.svg"
          },
          {
            "id": "Medium",
            "alignment": {
              "horizontal": {
                "attachment": "center",
                "offset": 0.0
              },
              "vertical": {
                "attachment": "center",
                "offset": 0.0
              }
            },
            "size-constraints": {
              "width-constraints": {
                "sizing-mode": "fixed",
                "value": 200.0
              },
              "height-constraints": {
                "sizing-mode": "fixed",
                "value": 30.0
              }
            },
            "font-weight": 300.0,
            "color": {
              "alpha": 1.0,
              "hue": 66.0,
              "saturation": 0.4054054054054055,
              "value": 0.2901960784313726
            },
            "text-content": "Medium",
            "overflow": "visible",
            "max-lines": -1,
            "text-align": "left",
            "text-align-vertical": "center",
            "text-size": 20.0,
            "line-height": 1.2,
            "typeface": "Albert Sans"
          },
          {
            "id": "high bg 32",
            "border-radius": 10.0,
            "alignment": {
              "horizontal": {
                "attachment": "center",
                "offset": 0.0
              },
              "vertical": {
                "attachment": "center",
                "offset": 0.0
              }
            },
            "size-constraints": {
              "width-constraints": {
                "sizing-mode": "fixed",
                "value": 200.0
              },
              "height-constraints": {
                "sizing-mode": "fixed",
                "value": 30.0
              }
            },
            "vector-content": "high_bg_32.svg"
          },
          {
            "id": "High",
            "alignment": {
              "horizontal": {
                "attachment": "center",
                "offset": 0.0
              },
              "vertical": {
                "attachment": "center",
                "offset": 0.0
              }
            },
            "size-constraints": {
              "width-constraints": {
                "sizing-mode": "fixed",
                "value": 200.0
              },
              "height-constraints": {
                "sizing-mode": "fixed",
                "value": 30.0
              }
            },
            "font-weight": 300.0,
            "color": {
              "alpha": 1.0,
              "hue": 66.0,
              "saturation": 0.4054054054054055,
              "value": 0.2901960784313726
            },
            "text-content": "High",
            "overflow": "visible",
            "max-lines": -1,
            "text-align": "left",
            "text-align-vertical": "center",
            "text-size": 20.0,
            "line-height": 1.2,
            "typeface": "Albert Sans"
          },
          {
            "id": "done button bg",
            "alignment": {
              "horizontal": {
                "attachment": "center",
                "offset": 0.0
              },
              "vertical": {
                "attachment": "center",
                "offset": 0.0
              }
            },
            "size-constraints": {
              "width-constraints": {
                "sizing-mode": "fixed",
                "value": 100.0
              },
              "height-constraints": {
                "sizing-mode": "fixed",
                "value": 30.0
              }
            },
            "vector-content": "done_button_bg.svg"
          },
          {
            "id": "DONE",
            "alignment": {
              "horizontal": {
                "attachment": "center",
                "offset": 0.0
              },
              "vertical": {
                "attachment": "center",
                "offset": 0.0
              }
            },
            "size-constraints": {
              "width-constraints": {
                "sizing-mode": "fixed",
                "value": 100.0
              },
              "height-constraints": {
                "sizing-mode": "fixed",
                "value": 30.0
              }
            },
            "color": {
              "alpha": 1.0,
              "hue": 66.0,
              "saturation": 0.4054054054054055,
              "value": 0.2901960784313726
            },
            "text-content": "DONE",
            "overflow": "visible",
            "max-lines": -1,
            "text-align-vertical": "center",
            "text-size": 24.0,
            "line-height": 1.2000000476837158,
            "typeface": "Aleo"
          },
          {
            "id": "title bg",
            "border-radius": 10.0,
            "alignment": {
              "horizontal": {
                "attachment": "center",
                "offset": 40.0
              },
              "vertical": {
                "attachment": "center",
                "offset": 0.0
              }
            },
            "size-constraints": {
              "width-constraints": {
                "sizing-mode": "fixed",
                "value": 270.0
              },
              "height-constraints": {
                "sizing-mode": "fixed",
                "value": 30.0
              }
            },
            "vector-content": "title_bg.svg"
          },
          {
            "id": "Title:",
            "alignment": {
              "horizontal": {
                "attachment": "center",
                "offset": -140.0
              },
              "vertical": {
                "attachment": "center",
                "offset": 0.0
              }
            },
            "size-constraints": {
              "width-constraints": {
                "sizing-mode": "fixed",
                "value": 70.0
              },
              "height-constraints": {
                "sizing-mode": "fixed",
                "value": 30.0
              }
            },
            "color": {
              "alpha": 1.0,
              "hue": 66.0,
              "saturation": 0.4054054054054055,
              "value": 0.2901960784313726
            },
            "text-content": "Title:",
            "overflow": "visible",
            "max-lines": -1,
            "text-align": "left",
            "text-align-vertical": "center",
            "text-size": 25.0,
            "line-height": 1.2000000762939453,
            "typeface": "Aleo"
          },
          {
            "id": "title bg1",
            "border-radius": 10.0,
            "alignment": {
              "horizontal": {
                "attachment": "center",
                "offset": 40.0
              },
              "vertical": {
                "attachment": "center",
                "offset": 0.0
              }
            },
            "size-constraints": {
              "width-constraints": {
                "sizing-mode": "fixed",
                "value": 270.0
              },
              "height-constraints": {
                "sizing-mode": "fixed",
                "value": 30.0
              }
            },
            "vector-content": "title_bg1.svg"
          },
          {
            "id": "Time:",
            "alignment": {
              "horizontal": {
                "attachment": "center",
                "offset": -140.0
              },
              "vertical": {
                "attachment": "center",
                "offset": 0.0
              }
            },
            "size-constraints": {
              "width-constraints": {
                "sizing-mode": "fixed",
                "value": 70.0
              },
              "height-constraints": {
                "sizing-mode": "fixed",
                "value": 30.0
              }
            },
            "color": {
              "alpha": 1.0,
              "hue": 66.0,
              "saturation": 0.4054054054054055,
              "value": 0.2901960784313726
            },
            "text-content": "Time:",
            "overflow": "visible",
            "max-lines": -1,
            "text-align": "left",
            "text-align-vertical": "center",
            "text-size": 20.0,
            "line-height": 1.2,
            "typeface": "Aleo"
          },
          {
            "id": "Line time 1",
            "alignment": {
              "horizontal": {
                "attachment": "center",
                "offset": -4.5
              },
              "vertical": {
                "attachment": "center",
                "offset": 0.0
              }
            },
            "size-constraints": {
              "width-constraints": {
                "sizing-mode": "fixed",
                "value": 30.0
              },
              "height-constraints": {
                "sizing-mode": "fixed",
                "value": 1.0
              }
            },
            "vector-content": "line_time_1.svg"
          },
          {
            "id": "line time 2",
            "alignment": {
              "horizontal": {
                "attachment": "center",
                "offset": 84.5
              },
              "vertical": {
                "attachment": "center",
                "offset": 0.0
              }
            },
            "size-constraints": {
              "width-constraints": {
                "sizing-mode": "fixed",
                "value": 30.0
              },
              "height-constraints": {
                "sizing-mode": "fixed",
                "value": 1.0
              }
            },
            "vector-content": "line_time_2.svg"
          },
          {
            "id": "repeat bg",
            "border-radius": 10.0,
            "alignment": {
              "horizontal": {
                "attachment": "center",
                "offset": 40.0
              },
              "vertical": {
                "attachment": "center",
                "offset": 0.0
              }
            },
            "size-constraints": {
              "width-constraints": {
                "sizing-mode": "fixed",
                "value": 270.0
              },
              "height-constraints": {
                "sizing-mode": "fixed",
                "value": 30.0
              }
            },
            "vector-content": "repeat_bg.svg"
          },
          {
            "id": "Repeat:",
            "alignment": {
              "horizontal": {
                "attachment": "center",
                "offset": -140.0
              },
              "vertical": {
                "attachment": "center",
                "offset": 0.0
              }
            },
            "size-constraints": {
              "width-constraints": {
                "sizing-mode": "fixed",
                "value": 70.0
              },
              "height-constraints": {
                "sizing-mode": "fixed",
                "value": 30.0
              }
            },
            "color": {
              "alpha": 1.0,
              "hue": 66.0,
              "saturation": 0.4054054054054055,
              "value": 0.2901960784313726
            },
            "text-content": "Repeat:",
            "overflow": "visible",
            "max-lines": -1,
            "text-align": "left",
            "text-align-vertical": "center",
            "text-size": 20.0,
            "line-height": 1.2,
            "typeface": "Aleo"
          },
          {
            "id": "Every....",
            "alignment": {
              "horizontal": {
                "attachment": "center",
                "offset": -10.0
              },
              "vertical": {
                "attachment": "center",
                "offset": 0.0
              }
            },
            "size-constraints": {
              "width-constraints": {
                "sizing-mode": "fixed",
                "value": 100.0
              },
              "height-constraints": {
                "sizing-mode": "fixed",
                "value": 30.0
              }
            },
            "font-weight": 500.0,
            "text-content": "Every....",
            "overflow": "visible",
            "max-lines": -1,
            "text-align": "left",
            "text-align-vertical": "center",
            "text-size": 15.0,
            "line-height": 1.2,
            "typeface": "Aleo"
          },
          {
            "id": "Yes or No",
            "alignment": {
              "horizontal": {
                "attachment": "center",
                "offset": 90.0
              },
              "vertical": {
                "attachment": "center",
                "offset": 0.0
              }
            },
            "size-constraints": {
              "width-constraints": {
                "sizing-mode": "fixed",
                "value": 100.0
              },
              "height-constraints": {
                "sizing-mode": "fixed",
                "value": 30.0
              }
            },
            "font-weight": 500.0,
            "text-content": "Yes or No",
            "overflow": "visible",
            "max-lines": -1,
            "text-align": "left",
            "text-align-vertical": "center",
            "text-size": 15.0,
            "line-height": 1.2,
            "typeface": "Aleo"
          },
          {
            "id": "line repeat",
            "alignment": {
              "horizontal": {
                "attachment": "center",
                "offset": 40.5
              },
              "vertical": {
                "attachment": "center",
                "offset": 0.0
              }
            },
            "size-constraints": {
              "width-constraints": {
                "sizing-mode": "fixed",
                "value": 30.0
              },
              "height-constraints": {
                "sizing-mode": "fixed",
                "value": 1.0
              }
            },
            "vector-content": "line_repeat.svg"
          }
        ]
      }
    }
  },
  "parameters": {
    "arrow_back13": {
      "data-type": "void-callback",
      "required": false,
      "description": ""
    },
    "done_schedule13": {
      "data-type": "void-callback",
      "required": false,
      "description": ""
    }
  },
  "previews": [
    {
      "design": "Frame 13",
      "size": {
        "width": 480.0,
        "height": 900.0
      }
    }
  ],
  "adin-component-search-paths": [],
  "image-search-paths": [],
  "vector-search-paths": []
}