{
  "name": "frame_12",
  "version": 33,
  "source-key": {
    "type": "figma",
    "file": "CTIPlDZ7ofRjHXmGjz3ddb",
    "node": "1:335",
    "version": "2190508242373426158",
    "component-id": "dd798b19439b7a1d50195599898375939a775c51"
  },
  "default": "Frame 12",
  "design": {
    "atoms": [
      {
        "type": "group",
        "id": "top_level",
        "root": "true"
      },
      {
        "type": "vector",
        "id": "LOGINBG"
      },
      {
        "type": "text",
        "id": "SMART MANAGER"
      },
      {
        "type": "group",
        "id": "options"
      },
      {
        "type": "vector",
        "id": "Rectangle 8"
      },
      {
        "type": "vector",
        "id": "bg design"
      },
      {
        "type": "vector",
        "id": "bg design1"
      },
      {
        "type": "vector",
        "id": "bg design2"
      },
      {
        "type": "text",
        "id": "Add Schedule"
      },
      {
        "type": "text",
        "id": "Edit Schedule"
      },
      {
        "type": "text",
        "id": "Delete Schedule"
      },
      {
        "type": "group",
        "id": "Frame 110"
      },
      {
        "type": "image",
        "id": "close"
      }
    ],
    "modes": {
      "Frame 12": {
        "rules": [
          {
            "id": "top_level",
            "is-structured": false,
            "children": [
              "LOGINBG",
              "SMART MANAGER",
              "options"
            ],
            "clip-content": false
          },
          {
            "id": "LOGINBG",
            "alignment": {
              "horizontal": {
                "attachment": "center",
                "offset": 0.0
              },
              "vertical": {
                "attachment": "center",
                "offset": 0.0
              }
            },
            "size-constraints": {
              "width-constraints": {
                "sizing-mode": "fixed",
                "value": 480.0
              },
              "height-constraints": {
                "sizing-mode": "fixed",
                "value": 900.0
              }
            },
            "vector-content": "loginbg.svg"
          },
          {
            "id": "SMART MANAGER",
            "alignment": {
              "horizontal": {
                "attachment": "center",
                "offset": 0.0
              },
              "vertical": {
                "attachment": "center",
                "offset": -375.0
              }
            },
            "size-constraints": {
              "width-constraints": {
                "sizing-mode": "fixed",
                "value": 350.0
              },
              "height-constraints": {
                "sizing-mode": "fixed",
                "value": 50.0
              }
            },
            "font-weight": 700.0,
            "text-content": "SMART MANAGER ",
            "overflow": "visible",
            "max-lines": -1,
            "text-align": "left",
            "text-align-vertical": "center",
            "text-size": 40.0,
            "line-height": 1.1960000038146972,
            "typeface": "Advent Pro"
          },
          {
            "id": "options",
            "alignment": {
              "horizontal": {
                "attachment": "center",
                "offset": 0.0
              },
              "vertical": {
                "attachment": "center",
                "offset": 17.0
              }
            },
            "size-constraints": {
              "width-constraints": {
                "sizing-mode": "fixed",
                "value": 300.0
              },
              "height-constraints": {
                "sizing-mode": "fixed",
                "value": 334.0
              }
            },
            "is-structured": false,
            "children": [
              "Rectangle 8",
              "bg design",
              "bg design1",
              "bg design2",
              "Add Schedule",
              "Edit Schedule",
              "Delete Schedule",
              "Frame 110"
            ],
            "clip-content": false
          },
          {
            "id": "Rectangle 8",
            "border-radius": 45.0,
            "alignment": {
              "horizontal": {
                "attachment": "center",
                "offset": 0.0
              },
              "vertical": {
                "attachment": "center",
                "offset": 0.0
              }
            },
            "size-constraints": {
              "width-constraints": {
                "sizing-mode": "fixed",
                "value": 300.0
              },
              "height-constraints": {
                "sizing-mode": "fixed",
                "value": 334.0
              }
            },
            "vector-content": "rectangle_8.svg"
          },
          {
            "id": "bg design",
            "alignment": {
              "horizontal": {
                "attachment": "center",
                "offset": 0.0
              },
              "vertical": {
                "attachment": "center",
                "offset": -67.0
              }
            },
            "size-constraints": {
              "width-constraints": {
                "sizing-mode": "fixed",
                "value": 300.0
              },
              "height-constraints": {
                "sizing-mode": "fixed",
                "value": 5.0
              }
            },
            "vector-content": "bg_design.svg"
          },
          {
            "id": "bg design1",
            "alignment": {
              "horizontal": {
                "attachment": "center",
                "offset": 0.0
              },
              "vertical": {
                "attachment": "center",
                "offset": -17.0
              }
            },
            "size-constraints": {
              "width-constraints": {
                "sizing-mode": "fixed",
                "value": 300.0
              },
              "height-constraints": {
                "sizing-mode": "fixed",
                "value": 5.0
              }
            },
            "vector-content": "bg_design1.svg"
          },
          {
            "id": "bg design2",
            "alignment": {
              "horizontal": {
                "attachment": "center",
                "offset": 0.0
              },
              "vertical": {
                "attachment": "center",
                "offset": 33.0
              }
            },
            "size-constraints": {
              "width-constraints": {
                "sizing-mode": "fixed",
                "value": 300.0
              },
              "height-constraints": {
                "sizing-mode": "fixed",
                "value": 5.0
              }
            },
            "vector-content": "bg_design2.svg"
          },
          {
            "id": "Add Schedule",
            "alignment": {
              "horizontal": {
                "attachment": "center",
                "offset": 2.5
              },
              "vertical": {
                "attachment": "center",
                "offset": -92.0
              }
            },
            "tap-handler": "$add_schedule",
            "size-constraints": {
              "width-constraints": {
                "sizing-mode": "fixed",
                "value": 295.0
              },
              "height-constraints": {
                "sizing-mode": "fixed",
                "value": 30.0
              }
            },
            "font-weight": 500.0,
            "color": {
              "alpha": 1.0,
              "hue": 66.0,
              "saturation": 0.4054054054054055,
              "value": 0.2901960784313726
            },
            "text-content": "Add Schedule",
            "overflow": "visible",
            "max-lines": -1,
            "text-align": "left",
            "text-align-vertical": "center",
            "text-size": 20.0,
            "line-height": 1.2,
            "typeface": "Albert Sans",
            "case": "upper"
          },
          {
            "id": "Edit Schedule",
            "alignment": {
              "horizontal": {
                "attachment": "center",
                "offset": 2.5
              },
              "vertical": {
                "attachment": "center",
                "offset": -42.0
              }
            },
            "tap-handler": "$edit_schedule",
            "size-constraints": {
              "width-constraints": {
                "sizing-mode": "fixed",
                "value": 295.0
              },
              "height-constraints": {
                "sizing-mode": "fixed",
                "value": 30.0
              }
            },
            "font-weight": 500.0,
            "color": {
              "alpha": 1.0,
              "hue": 66.0,
              "saturation": 0.4054054054054055,
              "value": 0.2901960784313726
            },
            "text-content": "Edit Schedule",
            "overflow": "visible",
            "max-lines": -1,
            "text-align": "left",
            "text-align-vertical": "center",
            "text-size": 20.0,
            "line-height": 1.2,
            "typeface": "Albert Sans",
            "case": "upper"
          },
          {
            "id": "Delete Schedule",
            "alignment": {
              "horizontal": {
                "attachment": "center",
                "offset": 2.5
              },
              "vertical": {
                "attachment": "center",
                "offset": 8.0
              }
            },
            "tap-handler": "$delete_schedule",
            "size-constraints": {
              "width-constraints": {
                "sizing-mode": "fixed",
                "value": 295.0
              },
              "height-constraints": {
                "sizing-mode": "fixed",
                "value": 30.0
              }
            },
            "font-weight": 500.0,
            "color": {
              "alpha": 1.0,
              "hue": 66.0,
              "saturation": 0.4054054054054055,
              "value": 0.2901960784313726
            },
            "text-content": "Delete Schedule",
            "overflow": "visible",
            "max-lines": -1,
            "text-align": "left",
            "text-align-vertical": "center",
            "text-size": 20.0,
            "line-height": 1.2,
            "typeface": "Albert Sans",
            "case": "upper"
          },
          {
            "id": "Frame 110",
            "alignment": {
              "horizontal": {
                "attachment": "start",
                "offset": 250.0
              },
              "vertical": {
                "attachment": "start",
                "offset": 18.0
              }
            },
            "size-constraints": {
              "width-constraints": {
                "sizing-mode": "fixed",
                "value": 30.0
              },
              "height-constraints": {
                "sizing-mode": "fixed",
                "value": 30.0
              }
            },
            "is-structured": false,
            "children": [
              "close"
            ],
            "clip-content": false
          },
          {
            "id": "close",
            "alignment": {
              "horizontal": {
                "attachment": "center",
                "offset": 0.0
              },
              "vertical": {
                "attachment": "center",
                "offset": 0.0
              }
            },
            "tap-handler": "$close_schedule",
            "size-constraints": {
              "width-constraints": {
                "sizing-mode": "fixed",
                "value": 30.0
              },
              "height-constraints": {
                "sizing-mode": "fixed",
                "value": 30.0
              }
            },
            "scale": "cover"
          }
        ]
      }
    }
  },
  "parameters": {
    "add_schedule": {
      "data-type": "void-callback",
      "required": false,
      "description": ""
    },
    "edit_schedule": {
      "data-type": "void-callback",
      "required": false,
      "description": ""
    },
    "delete_schedule": {
      "data-type": "void-callback",
      "required": false,
      "description": ""
    },
    "close_schedule": {
      "data-type": "void-callback",
      "required": false,
      "description": ""
    }
  },
  "previews": [
    {
      "design": "Frame 12",
      "size": {
        "width": 480.0,
        "height": 900.0
      }
    }
  ],
  "adin-component-search-paths": [],
  "image-search-paths": [],
  "vector-search-paths": []
}