{
  "name": "frame_14",
  "version": 33,
  "source-key": {
    "type": "figma",
    "file": "CTIPlDZ7ofRjHXmGjz3ddb",
    "node": "1:381",
    "version": "2190508242373426158",
    "component-id": "6d27009b52cbced15e3c18e30db6e7af9621db0e"
  },
  "default": "Frame 14",
  "design": {
    "atoms": [
      {
        "type": "group",
        "id": "top_level",
        "root": "true"
      },
      {
        "type": "vector",
        "id": "LOGINBG"
      },
      {
        "type": "text",
        "id": "SMART MANAGER"
      },
      {
        "type": "vector",
        "id": "back bg 34"
      },
      {
        "type": "group",
        "id": "mobrog notes"
      },
      {
        "type": "group",
        "id": "physics notes"
      },
      {
        "type": "group",
        "id": "notes"
      },
      {
        "type": "group",
        "id": "notes1"
      },
      {
        "type": "group",
        "id": "arrow_back"
      },
      {
        "type": "vector",
        "id": "uibg34"
      },
      {
        "type": "text",
        "id": "MOGPROG UI Time: 7:30 AM Repeat: YES Priority level: Medium"
      },
      {
        "type": "vector",
        "id": "p6bg34"
      },
      {
        "type": "text",
        "id": "PHYSICS 2 Time: 1:30pm Repeat: YES Priority level: Medium"
      },
      {
        "type": "vector",
        "id": "notesbg35"
      },
      {
        "type": "text",
        "id": "TIMER"
      },
      {
        "type": "vector",
        "id": "notesbg33"
      },
      {
        "type": "text",
        "id": "NOTES"
      },
      {
        "type": "vector",
        "id": "icon"
      }
    ],
    "modes": {
      "Frame 14": {
        "rules": [
          {
            "id": "top_level",
            "is-structured": false,
            "children": [
              "LOGINBG",
              "SMART MANAGER",
              "back bg 34",
              "mobrog notes",
              "physics notes",
              "notes",
              "notes1",
              "arrow_back"
            ],
            "clip-content": false
          },
          {
            "id": "LOGINBG",
            "alignment": {
              "horizontal": {
                "attachment": "center",
                "offset": 0.0
              },
              "vertical": {
                "attachment": "center",
                "offset": 0.0
              }
            },
            "size-constraints": {
              "width-constraints": {
                "sizing-mode": "fixed",
                "value": 480.0
              },
              "height-constraints": {
                "sizing-mode": "fixed",
                "value": 900.0
              }
            },
            "vector-content": "loginbg.svg"
          },
          {
            "id": "SMART MANAGER",
            "alignment": {
              "horizontal": {
                "attachment": "center",
                "offset": 0.0
              },
              "vertical": {
                "attachment": "center",
                "offset": -375.0
              }
            },
            "size-constraints": {
              "width-constraints": {
                "sizing-mode": "fixed",
                "value": 350.0
              },
              "height-constraints": {
                "sizing-mode": "fixed",
                "value": 50.0
              }
            },
            "font-weight": 700.0,
            "text-content": "SMART MANAGER ",
            "overflow": "visible",
            "max-lines": -1,
            "text-align": "left",
            "text-align-vertical": "center",
            "text-size": 40.0,
            "line-height": 1.1960000038146972,
            "typeface": "Advent Pro"
          },
          {
            "id": "back bg 34",
            "border-radius": 5.0,
            "alignment": {
              "horizontal": {
                "attachment": "center",
                "offset": 0.0
              },
              "vertical": {
                "attachment": "center",
                "offset": -50.0
              }
            },
            "size-constraints": {
              "width-constraints": {
                "sizing-mode": "fixed",
                "value": 480.0
              },
              "height-constraints": {
                "sizing-mode": "fixed",
                "value": 180.0
              }
            },
            "vector-content": "back_bg_34.svg"
          },
          {
            "id": "mobrog notes",
            "border-radius": 10.0,
            "alignment": {
              "horizontal": {
                "attachment": "start",
                "offset": 70.0
              },
              "vertical": {
                "attachment": "start",
                "offset": 325.0
              }
            },
            "tap-handler": "$schedule_edit14",
            "size-constraints": {
              "width-constraints": {
                "sizing-mode": "fixed",
                "value": 150.0
              },
              "height-constraints": {
                "sizing-mode": "fixed",
                "value": 150.0
              }
            },
            "is-structured": false,
            "children": [
              "uibg34",
              "MOGPROG UI Time: 7:30 AM Repeat: YES Priority level: Medium"
            ],
            "clip-content": false
          },
          {
            "id": "physics notes",
            "border-radius": 10.0,
            "alignment": {
              "horizontal": {
                "attachment": "start",
                "offset": 270.0
              },
              "vertical": {
                "attachment": "start",
                "offset": 325.0
              }
            },
            "tap-handler": "$schedule2_edit14",
            "size-constraints": {
              "width-constraints": {
                "sizing-mode": "fixed",
                "value": 150.0
              },
              "height-constraints": {
                "sizing-mode": "fixed",
                "value": 150.0
              }
            },
            "is-structured": false,
            "children": [
              "p6bg34",
              "PHYSICS 2 Time: 1:30pm Repeat: YES Priority level: Medium"
            ],
            "clip-content": false
          },
          {
            "id": "notes",
            "border-radius": 25.0,
            "drop-shadow": {
              "color": {
                "alpha": 0.24705882352941178,
                "hue": 0.0,
                "saturation": 0.0,
                "value": 0.0
              },
              "blur": 4.0,
              "offset-x": 0.0,
              "offset-y": 4.0,
              "spread": 0.0,
              "blend-mode": "normal"
            },
            "alignment": {
              "horizontal": {
                "attachment": "start",
                "offset": 255.0
              },
              "vertical": {
                "attachment": "start",
                "offset": 720.0
              }
            },
            "tap-handler": "$timer14",
            "size-constraints": {
              "width-constraints": {
                "sizing-mode": "fixed",
                "value": 200.0
              },
              "height-constraints": {
                "sizing-mode": "fixed",
                "value": 75.0
              }
            },
            "is-structured": false,
            "children": [
              "notesbg35",
              "TIMER"
            ],
            "clip-content": false
          },
          {
            "id": "notes1",
            "border-radius": 25.0,
            "drop-shadow": {
              "color": {
                "alpha": 0.24705882352941178,
                "hue": 0.0,
                "saturation": 0.0,
                "value": 0.0
              },
              "blur": 4.0,
              "offset-x": 0.0,
              "offset-y": 4.0,
              "spread": 0.0,
              "blend-mode": "normal"
            },
            "alignment": {
              "horizontal": {
                "attachment": "start",
                "offset": 14.1341552734375
              },
              "vertical": {
                "attachment": "start",
                "offset": 720.0
              }
            },
            "tap-handler": "$notes14",
            "size-constraints": {
              "width-constraints": {
                "sizing-mode": "fixed",
                "value": 200.0
              },
              "height-constraints": {
                "sizing-mode": "fixed",
                "value": 75.0
              }
            },
            "is-structured": false,
            "children": [
              "notesbg33",
              "NOTES"
            ],
            "clip-content": false
          },
          {
            "id": "arrow_back",
            "alignment": {
              "horizontal": {
                "attachment": "center",
                "offset": -195.0
              },
              "vertical": {
                "attachment": "center",
                "offset": -400.0
              }
            },
            "tap-handler": "$arrow_back14",
            "size-constraints": {
              "width-constraints": {
                "sizing-mode": "fixed",
                "value": 50.0
              },
              "height-constraints": {
                "sizing-mode": "fixed",
                "value": 40.0
              }
            },
            "is-structured": false,
            "children": [
              "icon"
            ],
            "clip-content": false
          },
          {
            "id": "uibg34",
            "border-radius": 10.0,
            "alignment": {
              "horizontal": {
                "attachment": "center",
                "offset": 0.0
              },
              "vertical": {
                "attachment": "center",
                "offset": 0.0
              }
            },
            "size-constraints": {
              "width-constraints": {
                "sizing-mode": "fixed",
                "value": 150.0
              },
              "height-constraints": {
                "sizing-mode": "fixed",
                "value": 150.0
              }
            },
            "vector-content": "uibg34.svg"
          },
          {
            "id": "MOGPROG UI Time: 7:30 AM Repeat: YES Priority level: Medium",
            "alignment": {
              "horizontal": {
                "attachment": "center",
                "offset": 5.0
              },
              "vertical": {
                "attachment": "center",
                "offset": 0.0
              }
            },
            "size-constraints": {
              "width-constraints": {
                "sizing-mode": "fixed",
                "value": 140.0
              },
              "height-constraints": {
                "sizing-mode": "fixed",
                "value": 150.0
              }
            },
            "font-weight": 500.0,
            "color": {
              "alpha": 1.0,
              "hue": 66.0,
              "saturation": 0.4054054054054055,
              "value": 0.2901960784313726
            },
            "annotated-text-content": {
              "text": "MOGPROG UI\n\nTime: 7:30 AM\nRepeat: YES\nPriority level: Medium",
              "annotated-text-span-list": [
                {
                  "span-start": 0,
                  "span-length": 12,
                  "annotated-text-style": {
                    "text-size": 17.0,
                    "color": {
                      "alpha": 1.0,
                      "hue": 66.0,
                      "saturation": 0.4054054054054055,
                      "value": 0.2901960784313726
                    }
                  }
                },
                {
                  "span-start": 12,
                  "span-length": 48
                }
              ]
            },
            "overflow": "visible",
            "max-lines": -1,
            "text-align": "left",
            "text-align-vertical": "center",
            "text-size": 15.0,
            "line-height": 1.3800000508626302,
            "typeface": "Akshar"
          },
          {
            "id": "p6bg34",
            "border-radius": 10.0,
            "alignment": {
              "horizontal": {
                "attachment": "center",
                "offset": 0.0
              },
              "vertical": {
                "attachment": "center",
                "offset": 0.0
              }
            },
            "size-constraints": {
              "width-constraints": {
                "sizing-mode": "fixed",
                "value": 150.0
              },
              "height-constraints": {
                "sizing-mode": "fixed",
                "value": 150.0
              }
            },
            "vector-content": "p6bg34.svg"
          },
          {
            "id": "PHYSICS 2 Time: 1:30pm Repeat: YES Priority level: Medium",
            "alignment": {
              "horizontal": {
                "attachment": "center",
                "offset": 5.0
              },
              "vertical": {
                "attachment": "center",
                "offset": 0.0
              }
            },
            "size-constraints": {
              "width-constraints": {
                "sizing-mode": "fixed",
                "value": 140.0
              },
              "height-constraints": {
                "sizing-mode": "fixed",
                "value": 150.0
              }
            },
            "font-weight": 500.0,
            "color": {
              "alpha": 1.0,
              "hue": 66.0,
              "saturation": 0.4054054054054055,
              "value": 0.2901960784313726
            },
            "annotated-text-content": {
              "text": "PHYSICS 2\n\nTime: 1:30pm\nRepeat: YES\nPriority level: Medium",
              "annotated-text-span-list": [
                {
                  "span-start": 0,
                  "span-length": 10,
                  "annotated-text-style": {
                    "color": {
                      "alpha": 1.0,
                      "hue": 66.0,
                      "saturation": 0.4054054054054055,
                      "value": 0.2901960784313726
                    }
                  }
                },
                {
                  "span-start": 10,
                  "span-length": 1
                },
                {
                  "span-start": 11,
                  "span-length": 47,
                  "annotated-text-style": {
                    "text-size": 15.0
                  }
                }
              ]
            },
            "overflow": "visible",
            "max-lines": -1,
            "text-align": "left",
            "text-align-vertical": "center",
            "text-size": 17.0,
            "line-height": 1.3799999461454504,
            "typeface": "Akshar"
          },
          {
            "id": "notesbg35",
            "border-radius": 25.0,
            "alignment": {
              "horizontal": {
                "attachment": "center",
                "offset": 0.0
              },
              "vertical": {
                "attachment": "center",
                "offset": 0.0
              }
            },
            "size-constraints": {
              "width-constraints": {
                "sizing-mode": "fixed",
                "value": 200.0
              },
              "height-constraints": {
                "sizing-mode": "fixed",
                "value": 75.0
              }
            },
            "vector-content": "notesbg35.svg"
          },
          {
            "id": "TIMER",
            "alignment": {
              "horizontal": {
                "attachment": "center",
                "offset": 0.0
              },
              "vertical": {
                "attachment": "center",
                "offset": 0.0
              }
            },
            "size-constraints": {
              "width-constraints": {
                "sizing-mode": "fixed",
                "value": 200.0
              },
              "height-constraints": {
                "sizing-mode": "fixed",
                "value": 75.0
              }
            },
            "font-weight": 800.0,
            "color": {
              "alpha": 1.0,
              "hue": 66.0,
              "saturation": 0.4054054054054055,
              "value": 0.2901960784313726
            },
            "text-content": "TIMER",
            "overflow": "visible",
            "max-lines": -1,
            "text-align-vertical": "center",
            "text-size": 32.0,
            "line-height": 1.2000000476837158,
            "typeface": "Albert Sans"
          },
          {
            "id": "notesbg33",
            "border-radius": 25.0,
            "alignment": {
              "horizontal": {
                "attachment": "center",
                "offset": 0.0
              },
              "vertical": {
                "attachment": "center",
                "offset": 0.0
              }
            },
            "size-constraints": {
              "width-constraints": {
                "sizing-mode": "fixed",
                "value": 200.0
              },
              "height-constraints": {
                "sizing-mode": "fixed",
                "value": 75.0
              }
            },
            "vector-content": "notesbg33.svg"
          },
          {
            "id": "NOTES",
            "alignment": {
              "horizontal": {
                "attachment": "center",
                "offset": 0.0
              },
              "vertical": {
                "attachment": "center",
                "offset": 0.0
              }
            },
            "size-constraints": {
              "width-constraints": {
                "sizing-mode": "fixed",
                "value": 200.0
              },
              "height-constraints": {
                "sizing-mode": "fixed",
                "value": 75.0
              }
            },
            "font-weight": 800.0,
            "color": {
              "alpha": 1.0,
              "hue": 66.0,
              "saturation": 0.4054054054054055,
              "value": 0.2901960784313726
            },
            "text-content": "NOTES",
            "overflow": "visible",
            "max-lines": -1,
            "text-align-vertical": "center",
            "text-size": 32.0,
            "line-height": 1.2000000476837158,
            "typeface": "Albert Sans"
          },
          {
            "id": "icon",
            "size-constraints": {
              "width-constraints": {
                "sizing-mode": "proportional",
                "value": 1.0
              },
              "height-constraints": {
                "sizing-mode": "proportional",
                "value": 1.0
              }
            },
            "vector-content": "icon.svg"
          }
        ]
      }
    }
  },
  "parameters": {
    "schedule_edit14": {
      "data-type": "void-callback",
      "required": false,
      "description": ""
    },
    "schedule2_edit14": {
      "data-type": "void-callback",
      "required": false,
      "description": ""
    },
    "timer14": {
      "data-type": "void-callback",
      "required": false,
      "description": ""
    },
    "notes14": {
      "data-type": "void-callback",
      "required": false,
      "description": ""
    },
    "arrow_back14": {
      "data-type": "void-callback",
      "required": false,
      "description": ""
    }
  },
  "previews": [
    {
      "design": "Frame 14",
      "size": {
        "width": 480.0,
        "height": 900.0
      }
    }
  ],
  "adin-component-search-paths": [],
  "image-search-paths": [],
  "vector-search-paths": []
}