{
  "name": "frame_10",
  "version": 33,
  "source-key": {
    "type": "figma",
    "file": "CTIPlDZ7ofRjHXmGjz3ddb",
    "node": "1:309",
    "version": "2190508242373426158",
    "component-id": "ba3a5c7a194dbd2449de929a72185ce59fbfe214"
  },
  "default": "Frame 10",
  "design": {
    "atoms": [
      {
        "type": "group",
        "id": "top_level",
        "root": "true"
      },
      {
        "type": "vector",
        "id": "LOGINBG"
      },
      {
        "type": "text",
        "id": "SMART MANAGER"
      },
      {
        "type": "group",
        "id": "pin1"
      },
      {
        "type": "group",
        "id": "pin2"
      },
      {
        "type": "group",
        "id": "notes"
      },
      {
        "type": "group",
        "id": "notes1"
      },
      {
        "type": "group",
        "id": "arrow_back"
      },
      {
        "type": "image",
        "id": "pinbg35"
      },
      {
        "type": "text",
        "id": "I will follow my schedule and be consistent!"
      },
      {
        "type": "image",
        "id": "pinbg36"
      },
      {
        "type": "text",
        "id": "Follow"
      },
      {
        "type": "vector",
        "id": "notesbg35"
      },
      {
        "type": "text",
        "id": "TIMER"
      },
      {
        "type": "vector",
        "id": "notesbg33"
      },
      {
        "type": "text",
        "id": "NOTES"
      },
      {
        "type": "vector",
        "id": "icon"
      }
    ],
    "modes": {
      "Frame 10": {
        "rules": [
          {
            "id": "top_level",
            "is-structured": false,
            "children": [
              "LOGINBG",
              "SMART MANAGER",
              "pin1",
              "pin2",
              "notes",
              "notes1",
              "arrow_back"
            ],
            "clip-content": false
          },
          {
            "id": "LOGINBG",
            "alignment": {
              "horizontal": {
                "attachment": "center",
                "offset": 0.0
              },
              "vertical": {
                "attachment": "center",
                "offset": 0.0
              }
            },
            "size-constraints": {
              "width-constraints": {
                "sizing-mode": "fixed",
                "value": 480.0
              },
              "height-constraints": {
                "sizing-mode": "fixed",
                "value": 900.0
              }
            },
            "vector-content": "loginbg.svg"
          },
          {
            "id": "SMART MANAGER",
            "alignment": {
              "horizontal": {
                "attachment": "center",
                "offset": 0.0
              },
              "vertical": {
                "attachment": "center",
                "offset": -375.0
              }
            },
            "size-constraints": {
              "width-constraints": {
                "sizing-mode": "fixed",
                "value": 350.0
              },
              "height-constraints": {
                "sizing-mode": "fixed",
                "value": 50.0
              }
            },
            "font-weight": 700.0,
            "text-content": "SMART MANAGER ",
            "overflow": "visible",
            "max-lines": -1,
            "text-align": "left",
            "text-align-vertical": "center",
            "text-size": 40.0,
            "line-height": 1.1960000038146972,
            "typeface": "Advent Pro"
          },
          {
            "id": "pin1",
            "drop-shadow": {
              "color": {
                "alpha": 0.24705882352941178,
                "hue": 0.0,
                "saturation": 0.0,
                "value": 0.0
              },
              "blur": 4.0,
              "offset-x": 0.0,
              "offset-y": 4.0,
              "spread": 0.0,
              "blend-mode": "normal"
            },
            "alignment": {
              "horizontal": {
                "attachment": "start",
                "offset": 180.0
              },
              "vertical": {
                "attachment": "start",
                "offset": 225.0
              }
            },
            "tap-handler": "$pin1",
            "size-constraints": {
              "width-constraints": {
                "sizing-mode": "fixed",
                "value": 150.0
              },
              "height-constraints": {
                "sizing-mode": "fixed",
                "value": 170.0
              }
            },
            "is-structured": false,
            "children": [
              "pinbg35",
              "I will follow my schedule and be consistent!"
            ],
            "clip-content": false
          },
          {
            "id": "pin2",
            "drop-shadow": {
              "color": {
                "alpha": 0.24705882352941178,
                "hue": 0.0,
                "saturation": 0.0,
                "value": 0.0
              },
              "blur": 4.0,
              "offset-x": 0.0,
              "offset-y": 4.0,
              "spread": 0.0,
              "blend-mode": "normal"
            },
            "alignment": {
              "horizontal": {
                "attachment": "start",
                "offset": 177.8698272705078
              },
              "vertical": {
                "attachment": "start",
                "offset": 475.57470703125
              }
            },
            "tap-handler": "$pin2",
            "size-constraints": {
              "width-constraints": {
                "sizing-mode": "fixed",
                "value": 150.0
              },
              "height-constraints": {
                "sizing-mode": "fixed",
                "value": 170.0
              }
            },
            "is-structured": false,
            "children": [
              "pinbg36",
              "Follow"
            ],
            "clip-content": false
          },
          {
            "id": "notes",
            "border-radius": 25.0,
            "drop-shadow": {
              "color": {
                "alpha": 0.24705882352941178,
                "hue": 0.0,
                "saturation": 0.0,
                "value": 0.0
              },
              "blur": 4.0,
              "offset-x": 0.0,
              "offset-y": 4.0,
              "spread": 0.0,
              "blend-mode": "normal"
            },
            "alignment": {
              "horizontal": {
                "attachment": "start",
                "offset": 260.432861328125
              },
              "vertical": {
                "attachment": "start",
                "offset": 720.0
              }
            },
            "tap-handler": "$timer10",
            "size-constraints": {
              "width-constraints": {
                "sizing-mode": "fixed",
                "value": 200.0
              },
              "height-constraints": {
                "sizing-mode": "fixed",
                "value": 75.0
              }
            },
            "is-structured": false,
            "children": [
              "notesbg35",
              "TIMER"
            ],
            "clip-content": false
          },
          {
            "id": "notes1",
            "border-radius": 25.0,
            "drop-shadow": {
              "color": {
                "alpha": 0.24705882352941178,
                "hue": 0.0,
                "saturation": 0.0,
                "value": 0.0
              },
              "blur": 4.0,
              "offset-x": 0.0,
              "offset-y": 4.0,
              "spread": 0.0,
              "blend-mode": "normal"
            },
            "alignment": {
              "horizontal": {
                "attachment": "start",
                "offset": 19.567138671875
              },
              "vertical": {
                "attachment": "start",
                "offset": 720.0
              }
            },
            "tap-handler": "$notes10",
            "size-constraints": {
              "width-constraints": {
                "sizing-mode": "fixed",
                "value": 200.0
              },
              "height-constraints": {
                "sizing-mode": "fixed",
                "value": 75.0
              }
            },
            "is-structured": false,
            "children": [
              "notesbg33",
              "NOTES"
            ],
            "clip-content": false
          },
          {
            "id": "arrow_back",
            "alignment": {
              "horizontal": {
                "attachment": "center",
                "offset": -195.0
              },
              "vertical": {
                "attachment": "center",
                "offset": -400.0
              }
            },
            "tap-handler": "$arrow_back10",
            "size-constraints": {
              "width-constraints": {
                "sizing-mode": "fixed",
                "value": 50.0
              },
              "height-constraints": {
                "sizing-mode": "fixed",
                "value": 40.0
              }
            },
            "is-structured": false,
            "children": [
              "icon"
            ],
            "clip-content": false
          },
          {
            "id": "pinbg35",
            "alignment": {
              "horizontal": {
                "attachment": "center",
                "offset": -1.0650863647460938
              },
              "vertical": {
                "attachment": "center",
                "offset": 0.0
              }
            },
            "size-constraints": {
              "width-constraints": {
                "sizing-mode": "fixed",
                "value": 147.8698272705078
              },
              "height-constraints": {
                "sizing-mode": "fixed",
                "value": 170.0
              }
            },
            "scale": "cover"
          },
          {
            "id": "I will follow my schedule and be consistent!",
            "alignment": {
              "horizontal": {
                "attachment": "center",
                "offset": 0.0
              },
              "vertical": {
                "attachment": "center",
                "offset": 0.0
              }
            },
            "size-constraints": {
              "width-constraints": {
                "sizing-mode": "fixed",
                "value": 150.0
              },
              "height-constraints": {
                "sizing-mode": "fixed",
                "value": 170.0
              }
            },
            "color": {
              "alpha": 1.0,
              "hue": 66.0,
              "saturation": 0.4054054054054055,
              "value": 0.2901960784313726
            },
            "text-content": "I will follow my schedule and be consistent!",
            "overflow": "visible",
            "max-lines": -1,
            "text-align": "left",
            "text-align-vertical": "center",
            "text-size": 10.0,
            "line-height": 1.3800000190734862,
            "typeface": "Akshar"
          },
          {
            "id": "pinbg36",
            "alignment": {
              "horizontal": {
                "attachment": "center",
                "offset": 0.0
              },
              "vertical": {
                "attachment": "center",
                "offset": 0.0
              }
            },
            "size-constraints": {
              "width-constraints": {
                "sizing-mode": "fixed",
                "value": 150.0
              },
              "height-constraints": {
                "sizing-mode": "fixed",
                "value": 170.0
              }
            },
            "scale": "cover"
          },
          {
            "id": "Follow",
            "alignment": {
              "horizontal": {
                "attachment": "center",
                "offset": 0.0
              },
              "vertical": {
                "attachment": "center",
                "offset": 0.0
              }
            },
            "size-constraints": {
              "width-constraints": {
                "sizing-mode": "fixed",
                "value": 150.0
              },
              "height-constraints": {
                "sizing-mode": "fixed",
                "value": 170.0
              }
            },
            "color": {
              "alpha": 1.0,
              "hue": 66.0,
              "saturation": 0.4054054054054055,
              "value": 0.2901960784313726
            },
            "text-content": "Follow",
            "overflow": "visible",
            "max-lines": -1,
            "text-align": "left",
            "text-align-vertical": "center",
            "text-size": 10.0,
            "line-height": 1.3800000190734862,
            "typeface": "Akshar"
          },
          {
            "id": "notesbg35",
            "border-radius": 25.0,
            "alignment": {
              "horizontal": {
                "attachment": "center",
                "offset": 0.0
              },
              "vertical": {
                "attachment": "center",
                "offset": 0.0
              }
            },
            "size-constraints": {
              "width-constraints": {
                "sizing-mode": "fixed",
                "value": 200.0
              },
              "height-constraints": {
                "sizing-mode": "fixed",
                "value": 75.0
              }
            },
            "vector-content": "notesbg35.svg"
          },
          {
            "id": "TIMER",
            "alignment": {
              "horizontal": {
                "attachment": "center",
                "offset": 0.0
              },
              "vertical": {
                "attachment": "center",
                "offset": 0.0
              }
            },
            "size-constraints": {
              "width-constraints": {
                "sizing-mode": "fixed",
                "value": 200.0
              },
              "height-constraints": {
                "sizing-mode": "fixed",
                "value": 75.0
              }
            },
            "font-weight": 800.0,
            "color": {
              "alpha": 1.0,
              "hue": 66.0,
              "saturation": 0.4054054054054055,
              "value": 0.2901960784313726
            },
            "text-content": "TIMER",
            "overflow": "visible",
            "max-lines": -1,
            "text-align": "left",
            "text-align-vertical": "center",
            "text-size": 32.0,
            "line-height": 1.2000000476837158,
            "typeface": "Albert Sans"
          },
          {
            "id": "notesbg33",
            "border-radius": 25.0,
            "alignment": {
              "horizontal": {
                "attachment": "center",
                "offset": 0.0
              },
              "vertical": {
                "attachment": "center",
                "offset": 0.0
              }
            },
            "size-constraints": {
              "width-constraints": {
                "sizing-mode": "fixed",
                "value": 200.0
              },
              "height-constraints": {
                "sizing-mode": "fixed",
                "value": 75.0
              }
            },
            "vector-content": "notesbg33.svg"
          },
          {
            "id": "NOTES",
            "alignment": {
              "horizontal": {
                "attachment": "center",
                "offset": 0.0
              },
              "vertical": {
                "attachment": "center",
                "offset": 0.0
              }
            },
            "size-constraints": {
              "width-constraints": {
                "sizing-mode": "fixed",
                "value": 200.0
              },
              "height-constraints": {
                "sizing-mode": "fixed",
                "value": 75.0
              }
            },
            "font-weight": 800.0,
            "color": {
              "alpha": 1.0,
              "hue": 66.0,
              "saturation": 0.4054054054054055,
              "value": 0.2901960784313726
            },
            "text-content": "NOTES",
            "overflow": "visible",
            "max-lines": -1,
            "text-align": "left",
            "text-align-vertical": "center",
            "text-size": 32.0,
            "line-height": 1.2000000476837158,
            "typeface": "Albert Sans"
          },
          {
            "id": "icon",
            "size-constraints": {
              "width-constraints": {
                "sizing-mode": "proportional",
                "value": 1.0
              },
              "height-constraints": {
                "sizing-mode": "proportional",
                "value": 1.0
              }
            },
            "vector-content": "icon.svg"
          }
        ]
      }
    }
  },
  "parameters": {
    "pin1": {
      "data-type": "void-callback",
      "required": false,
      "description": ""
    },
    "pin2": {
      "data-type": "void-callback",
      "required": false,
      "description": ""
    },
    "timer10": {
      "data-type": "void-callback",
      "required": false,
      "description": ""
    },
    "notes10": {
      "data-type": "void-callback",
      "required": false,
      "description": ""
    },
    "arrow_back10": {
      "data-type": "void-callback",
      "required": false,
      "description": ""
    }
  },
  "previews": [
    {
      "design": "Frame 10",
      "size": {
        "width": 480.0,
        "height": 900.0
      }
    }
  ],
  "adin-component-search-paths": [],
  "image-search-paths": [],
  "vector-search-paths": []
}