{
  "name": "frame_5",
  "version": 33,
  "source-key": {
    "type": "figma",
    "file": "CTIPlDZ7ofRjHXmGjz3ddb",
    "node": "1:447",
    "version": "2190508242373426158",
    "component-id": "cdbc812bd4da5662aa222a2cd38fac256a5d6dfe"
  },
  "default": "Frame 5",
  "design": {
    "atoms": [
      {
        "type": "group",
        "id": "top_level",
        "root": "true"
      },
      {
        "type": "vector",
        "id": "LOGINBG"
      },
      {
        "type": "image",
        "id": "airplane"
      },
      {
        "type": "text",
        "id": "SMART MANAGER"
      },
      {
        "type": "group",
        "id": "Frame_5_1"
      },
      {
        "type": "group",
        "id": "Input Field"
      },
      {
        "type": "group",
        "id": "Input Field_1"
      },
      {
        "type": "group",
        "id": "Component_11"
      },
      {
        "type": "text",
        "id": "Label"
      },
      {
        "type": "text",
        "id": "Description"
      },
      {
        "type": "group",
        "id": "Input"
      },
      {
        "type": "text",
        "id": "Error"
      },
      {
        "type": "text",
        "id": "Value"
      },
      {
        "type": "group",
        "id": "Button Group"
      },
      {
        "type": "group",
        "id": "Button_component_5"
      },
      {
        "type": "group",
        "id": "Button_5_1"
      },
      {
        "type": "group",
        "id": "Star_5"
      },
      {
        "type": "text",
        "id": "Button_5"
      },
      {
        "type": "vector",
        "id": "Icon_5"
      },
      {
        "type": "group",
        "id": "Star_5_3"
      },
      {
        "type": "text",
        "id": "Button_5_4"
      },
      {
        "type": "vector",
        "id": "Icon_5_1"
      }
    ],
    "modes": {
      "Frame 5": {
        "rules": [
          {
            "id": "top_level",
            "is-structured": false,
            "children": [
              "LOGINBG",
              "airplane",
              "SMART MANAGER",
              "Frame_5_1"
            ],
            "clip-content": false
          },
          {
            "id": "LOGINBG",
            "alignment": {
              "horizontal": {
                "attachment": "center",
                "offset": -4.0
              },
              "vertical": {
                "attachment": "center",
                "offset": 0.0
              }
            },
            "size-constraints": {
              "width-constraints": {
                "sizing-mode": "fixed",
                "value": 480.0
              },
              "height-constraints": {
                "sizing-mode": "fixed",
                "value": 900.0
              }
            },
            "vector-content": "loginbg.svg"
          },
          {
            "id": "airplane",
            "alignment": {
              "horizontal": {
                "attachment": "center",
                "offset": -0.5
              },
              "vertical": {
                "attachment": "center",
                "offset": -153.5
              }
            },
            "size-constraints": {
              "width-constraints": {
                "sizing-mode": "fixed",
                "value": 287.0
              },
              "height-constraints": {
                "sizing-mode": "fixed",
                "value": 317.0
              }
            },
            "image-content": "airplane.png",
            "scale": "cover"
          },
          {
            "id": "SMART MANAGER",
            "alignment": {
              "horizontal": {
                "attachment": "center",
                "offset": 0.0
              },
              "vertical": {
                "attachment": "center",
                "offset": -375.0
              }
            },
            "size-constraints": {
              "width-constraints": {
                "sizing-mode": "fixed",
                "value": 350.0
              },
              "height-constraints": {
                "sizing-mode": "fixed",
                "value": 50.0
              }
            },
            "font-weight": 700.0,
            "text-content": "SMART MANAGER ",
            "overflow": "visible",
            "max-lines": -1,
            "text-align": "left",
            "text-align-vertical": "center",
            "text-size": 40.0,
            "line-height": 1.1960000038146972,
            "typeface": "Advent Pro"
          },
          {
            "id": "Frame_5_1",
            "alignment": {
              "horizontal": {
                "attachment": "start",
                "offset": 54.0
              },
              "vertical": {
                "attachment": "start",
                "offset": 485.0
              }
            },
            "size-constraints": {
              "width-constraints": {
                "sizing-mode": "fixed",
                "value": 363.0
              },
              "height-constraints": {
                "sizing-mode": "fixed",
                "value": 274.0
              }
            },
            "is-structured": false,
            "children": [
              "Input Field",
              "Input Field_1",
              "Component_11"
            ],
            "clip-content": false
          },
          {
            "id": "Input Field",
            "size-constraints": {
              "width-constraints": {
                "sizing-mode": "fixed",
                "value": 363.0
              },
              "height-constraints": {
                "sizing-mode": "fixed",
                "value": 70.0
              }
            },
            "main-axis-align": "start",
            "cross-axis-align": "start",
            "children": [
              "Label",
              "Description",
              "Input",
              "Error"
            ],
            "item-spacing": 8.0,
            "clip-content": false
          },
          {
            "id": "Input Field_1",
            "alignment": {
              "horizontal": {
                "attachment": "start",
                "offset": 0.0
              },
              "vertical": {
                "attachment": "start",
                "offset": 94.0
              }
            },
            "size-constraints": {
              "width-constraints": {
                "sizing-mode": "fixed",
                "value": 363.0
              },
              "height-constraints": {
                "sizing-mode": "shrink"
              }
            },
            "main-axis-align": "start",
            "cross-axis-align": "start",
            "children": "$Input Field_1 children",
            "item-spacing": 8.0,
            "clip-content": false
          },
          {
            "id": "Component_11",
            "border-radius": 9.0,
            "alignment": {
              "horizontal": {
                "attachment": "start",
                "offset": 126.0
              },
              "vertical": {
                "attachment": "start",
                "offset": 219.0
              }
            },
            "size-constraints": {
              "width-constraints": {
                "sizing-mode": "fixed",
                "value": 112.0
              },
              "height-constraints": {
                "sizing-mode": "fixed",
                "value": 40.0
              }
            },
            "is-structured": false,
            "children": [
              "Button Group"
            ],
            "clip-content": false
          },
          {
            "id": "Label",
            "size-constraints": {
              "width-constraints": {
                "sizing-mode": "proportional",
                "value": 1.0
              },
              "height-constraints": {
                "sizing-mode": "shrink"
              }
            },
            "color": {
              "alpha": 1.0,
              "hue": 0.0,
              "saturation": 0.0,
              "value": 1.0
            },
            "text-content": "Email",
            "overflow": "visible",
            "max-lines": -1,
            "text-align": "left",
            "text-size": 16.0,
            "line-height": 1.4,
            "typeface": "Inter"
          },
          {
            "id": "Description",
            "presence": false,
            "size-constraints": {
              "width-constraints": {
                "sizing-mode": "proportional",
                "value": 1.0
              },
              "height-constraints": {
                "sizing-mode": "shrink"
              }
            },
            "color": {
              "alpha": 1.0,
              "hue": 0.0,
              "saturation": 0.0,
              "value": 0.4588235294117647
            },
            "text-content": "Description",
            "overflow": "visible",
            "max-lines": -1,
            "text-align": "left",
            "text-size": 16.0,
            "line-height": 1.4,
            "typeface": "Inter"
          },
          {
            "id": "Input",
            "padding": {
              "left": 16.0,
              "top": 12.0,
              "right": 16.0,
              "bottom": 12.0
            },
            "border-radius": 8.0,
            "size-constraints": {
              "width-constraints": {
                "sizing-mode": "proportional",
                "value": 1.0
              },
              "height-constraints": {
                "sizing-mode": "fixed",
                "value": 40.0
              }
            },
            "stroke-width": 1.0,
            "stroke-alignment": "center",
            "stroke-color": {
              "alpha": 1.0,
              "hue": 0.0,
              "saturation": 0.0,
              "value": 0.8509803921568627
            },
            "arrangement": "row",
            "main-axis-align": "start",
            "children": [
              "Value"
            ],
            "background-color": {
              "alpha": 1.0,
              "hue": 0.0,
              "saturation": 0.0,
              "value": 1.0
            }
          },
          {
            "id": "Error",
            "presence": false,
            "color": {
              "alpha": 1.0,
              "hue": 0.0,
              "saturation": 0.0,
              "value": 0.11764705882352941
            },
            "text-content": "Error",
            "overflow": "visible",
            "text-align": "left",
            "text-size": 16.0,
            "line-height": 1.4,
            "typeface": "Inter"
          },
          {
            "id": "Value",
            "size-constraints": {
              "width-constraints": {
                "sizing-mode": "proportional",
                "value": 1.0
              },
              "height-constraints": {
                "sizing-mode": "shrink"
              }
            },
            "color": {
              "alpha": 1.0,
              "hue": 0.0,
              "saturation": 0.0,
              "value": 0.7019607843137254
            },
            "text-content": "Value",
            "overflow": "visible",
            "max-lines": -1,
            "text-align": "left",
            "text-size": 16.0,
            "typeface": "Inter"
          },
          {
            "id": "Button Group",
            "size-constraints": {
              "width-constraints": {
                "sizing-mode": "shrink"
              },
              "height-constraints": {
                "sizing-mode": "shrink"
              }
            },
            "arrangement": "row",
            "children": [
              "Button_component_5",
              "Button_5_1"
            ],
            "item-spacing": 16.0,
            "clip-content": false
          },
          {
            "id": "Button_component_5",
            "presence": false,
            "padding": 12.0,
            "border-radius": 8.0,
            "size-constraints": {
              "width-constraints": {
                "sizing-mode": "proportional",
                "value": 1.0
              },
              "height-constraints": {
                "sizing-mode": "shrink"
              }
            },
            "arrangement": "row",
            "children": [
              "Star_5",
              "Button_5"
            ],
            "item-spacing": 8.0
          },
          {
            "id": "Button_5_1",
            "padding": 12.0,
            "border-radius": 8.0,
            "size-constraints": {
              "width-constraints": {
                "sizing-mode": "fixed",
                "value": 112.0
              },
              "height-constraints": {
                "sizing-mode": "shrink"
              }
            },
            "stroke-width": 1.0,
            "stroke-color": {
              "alpha": 1.0,
              "hue": 0.0,
              "saturation": 0.0,
              "value": 0.17254901960784313
            },
            "arrangement": "row",
            "children": [
              "Star_5_3",
              "Button_5_4"
            ],
            "item-spacing": 8.0,
            "background-color": {
              "alpha": 1.0,
              "hue": 44.59016393442623,
              "saturation": 0.7887931034482759,
              "value": 0.9098039215686274
            }
          },
          {
            "id": "Star_5",
            "presence": false,
            "size-constraints": {
              "width-constraints": {
                "sizing-mode": "fixed",
                "value": 16.0
              },
              "height-constraints": {
                "sizing-mode": "fixed",
                "value": 16.0
              }
            },
            "is-structured": false,
            "children": [
              "Icon_5"
            ]
          },
          {
            "id": "Button_5",
            "color": {
              "alpha": 1.0,
              "hue": 0.0,
              "saturation": 0.0,
              "value": 0.18823529411764706
            },
            "text-content": "Button",
            "overflow": "visible",
            "text-align": "left",
            "text-size": 16.0,
            "typeface": "Inter"
          },
          {
            "id": "Icon_5",
            "margin": {
              "left": 1.33331298828125,
              "top": 1.33331298828125,
              "right": 1.3333539962768555,
              "bottom": 1.9866867065429688
            },
            "size-constraints": {
              "width-constraints": {
                "sizing-mode": "proportional",
                "value": 1.0
              },
              "height-constraints": {
                "sizing-mode": "proportional",
                "value": 1.0
              }
            }
          },
          {
            "id": "Star_5_3",
            "presence": false,
            "size-constraints": {
              "width-constraints": {
                "sizing-mode": "fixed",
                "value": 16.0
              },
              "height-constraints": {
                "sizing-mode": "fixed",
                "value": 16.0
              }
            },
            "is-structured": false,
            "children": [
              "Icon_5_1"
            ]
          },
          {
            "id": "Button_5_4",
            "color": {
              "alpha": 1.0,
              "hue": 0.0,
              "saturation": 0.0,
              "value": 0.9607843137254902
            },
            "text-content": "LOG IN",
            "overflow": "visible",
            "text-align": "left",
            "text-size": 16.0,
            "typeface": "Inter"
          },
          {
            "id": "Icon_5_1",
            "margin": {
              "left": 1.33331298828125,
              "top": 1.33331298828125,
              "right": 1.3333539962768555,
              "bottom": 1.9866867065429688
            },
            "size-constraints": {
              "width-constraints": {
                "sizing-mode": "proportional",
                "value": 1.0
              },
              "height-constraints": {
                "sizing-mode": "proportional",
                "value": 1.0
              }
            }
          }
        ]
      }
    }
  },
  "parameters": {
    "Input Field_1 children": {
      "data-type": "list-item",
      "required": false,
      "description": ""
    }
  },
  "previews": [
    {
      "design": "Frame 5",
      "size": {
        "width": 480.0,
        "height": 900.0
      },
      "parameters": {
        "Input Field_1 children": [
          {
            "type": "text",
            "size-constraints": {
              "width-constraints": {
                "sizing-mode": "proportional",
                "value": 1.0
              },
              "height-constraints": {
                "sizing-mode": "shrink"
              }
            },
            "color": {
              "alpha": 1.0,
              "hue": 0.0,
              "saturation": 0.0,
              "value": 1.0
            },
            "text-content": "Password",
            "overflow": "visible",
            "max-lines": -1,
            "text-align": "left",
            "text-size": 16.0,
            "line-height": 1.4,
            "typeface": "Inter"
          },
          {
            "type": "text",
            "presence": false,
            "size-constraints": {
              "width-constraints": {
                "sizing-mode": "proportional",
                "value": 1.0
              },
              "height-constraints": {
                "sizing-mode": "shrink"
              }
            },
            "color": {
              "alpha": 1.0,
              "hue": 0.0,
              "saturation": 0.0,
              "value": 0.4588235294117647
            },
            "text-content": "Description",
            "overflow": "visible",
            "max-lines": -1,
            "text-align": "left",
            "text-size": 16.0,
            "line-height": 1.4,
            "typeface": "Inter"
          },
          {
            "type": "group",
            "padding": {
              "left": 16.0,
              "top": 12.0,
              "right": 16.0,
              "bottom": 12.0
            },
            "border-radius": 8.0,
            "size-constraints": {
              "width-constraints": {
                "sizing-mode": "proportional",
                "value": 1.0
              },
              "height-constraints": {
                "sizing-mode": "shrink"
              }
            },
            "stroke-width": 1.0,
            "stroke-alignment": "center",
            "stroke-color": {
              "alpha": 1.0,
              "hue": 0.0,
              "saturation": 0.0,
              "value": 0.8509803921568627
            },
            "arrangement": "row",
            "main-axis-align": "start",
            "children": [
              {
                "type": "text",
                "size-constraints": {
                  "width-constraints": {
                    "sizing-mode": "proportional",
                    "value": 1.0
                  },
                  "height-constraints": {
                    "sizing-mode": "shrink"
                  }
                },
                "color": {
                  "alpha": 1.0,
                  "hue": 0.0,
                  "saturation": 0.0,
                  "value": 0.7019607843137254
                },
                "text-content": "Value",
                "overflow": "visible",
                "max-lines": -1,
                "text-align": "left",
                "text-size": 16.0,
                "typeface": "Inter"
              }
            ],
            "background-color": {
              "alpha": 1.0,
              "hue": 0.0,
              "saturation": 0.0,
              "value": 1.0
            }
          },
          {
            "type": "text",
            "presence": false,
            "color": {
              "alpha": 1.0,
              "hue": 0.0,
              "saturation": 0.0,
              "value": 0.11764705882352941
            },
            "text-content": "Error",
            "overflow": "visible",
            "text-align": "left",
            "text-size": 16.0,
            "line-height": 1.4,
            "typeface": "Inter"
          }
        ]
      }
    }
  ],
  "adin-component-search-paths": [],
  "image-search-paths": [],
  "vector-search-paths": []
}