{
  "name": "frame_17",
  "version": 33,
  "source-key": {
    "type": "figma",
    "file": "CTIPlDZ7ofRjHXmGjz3ddb",
    "node": "1:408",
    "version": "2190508242373426158",
    "component-id": "c25736a5be2fa4b20732d8733eac99575880fa82"
  },
  "default": "Frame 17",
  "design": {
    "atoms": [
      {
        "type": "group",
        "id": "top_level",
        "root": "true"
      },
      {
        "type": "vector",
        "id": "LOGINBG"
      },
      {
        "type": "group",
        "id": "arrow_back"
      },
      {
        "type": "vector",
        "id": "bg design"
      },
      {
        "type": "text",
        "id": "time"
      },
      {
        "type": "text",
        "id": "00:00"
      },
      {
        "type": "text",
        "id": "Recents"
      },
      {
        "type": "text",
        "id": "5:00"
      },
      {
        "type": "group",
        "id": "countdown"
      },
      {
        "type": "group",
        "id": "start elipse"
      },
      {
        "type": "group",
        "id": "cancel elipse"
      },
      {
        "type": "group",
        "id": "start"
      },
      {
        "type": "group",
        "id": "Frame 108"
      },
      {
        "type": "vector",
        "id": "icon"
      },
      {
        "type": "vector",
        "id": "cd bg"
      },
      {
        "type": "text",
        "id": "O hours 2 min 32 sec"
      },
      {
        "type": "vector",
        "id": "start 30"
      },
      {
        "type": "text",
        "id": "Start"
      },
      {
        "type": "vector",
        "id": "cancel 30"
      },
      {
        "type": "text",
        "id": "Cancel"
      },
      {
        "type": "vector",
        "id": "Rectangle 22"
      },
      {
        "type": "text",
        "id": "Start1"
      },
      {
        "type": "image",
        "id": "image"
      }
    ],
    "modes": {
      "Frame 17": {
        "rules": [
          {
            "id": "top_level",
            "is-structured": false,
            "children": [
              "LOGINBG",
              "arrow_back",
              "bg design",
              "time",
              "00:00",
              "Recents",
              "5:00",
              "countdown",
              "start elipse",
              "cancel elipse",
              "start",
              "Frame 108"
            ],
            "clip-content": false
          },
          {
            "id": "LOGINBG",
            "alignment": {
              "horizontal": {
                "attachment": "center",
                "offset": 0.0
              },
              "vertical": {
                "attachment": "center",
                "offset": 0.0
              }
            },
            "size-constraints": {
              "width-constraints": {
                "sizing-mode": "fixed",
                "value": 480.0
              },
              "height-constraints": {
                "sizing-mode": "fixed",
                "value": 900.0
              }
            },
            "vector-content": "loginbg.svg"
          },
          {
            "id": "arrow_back",
            "alignment": {
              "horizontal": {
                "attachment": "center",
                "offset": -195.0
              },
              "vertical": {
                "attachment": "center",
                "offset": -400.0
              }
            },
            "tap-handler": "$arrow_back17",
            "size-constraints": {
              "width-constraints": {
                "sizing-mode": "fixed",
                "value": 50.0
              },
              "height-constraints": {
                "sizing-mode": "fixed",
                "value": 40.0
              }
            },
            "is-structured": false,
            "children": [
              "icon"
            ],
            "clip-content": false
          },
          {
            "id": "bg design",
            "alignment": {
              "horizontal": {
                "attachment": "center",
                "offset": 26.837890625
              },
              "vertical": {
                "attachment": "center",
                "offset": 179.5
              }
            },
            "size-constraints": {
              "width-constraints": {
                "sizing-mode": "fixed",
                "value": 375.0
              },
              "height-constraints": {
                "sizing-mode": "fixed",
                "value": 2.0
              }
            },
            "vector-content": "bg_design.svg"
          },
          {
            "id": "time",
            "alignment": {
              "horizontal": {
                "attachment": "center",
                "offset": 0.0
              },
              "vertical": {
                "attachment": "center",
                "offset": -375.0
              }
            },
            "size-constraints": {
              "width-constraints": {
                "sizing-mode": "fixed",
                "value": 350.0
              },
              "height-constraints": {
                "sizing-mode": "fixed",
                "value": 50.0
              }
            },
            "font-weight": 700.0,
            "color": {
              "alpha": 1.0,
              "hue": 66.0,
              "saturation": 0.4054054054054055,
              "value": 0.2901960784313726
            },
            "text-content": "Timer",
            "overflow": "visible",
            "max-lines": -1,
            "text-align": "left",
            "text-align-vertical": "center",
            "text-size": 40.0,
            "line-height": 1.1960000038146972,
            "typeface": "Advent Pro"
          },
          {
            "id": "00:00",
            "alignment": {
              "horizontal": {
                "attachment": "center",
                "offset": 0.0
              },
              "vertical": {
                "attachment": "center",
                "offset": -274.0
              }
            },
            "size-constraints": {
              "width-constraints": {
                "sizing-mode": "fixed",
                "value": 118.0
              },
              "height-constraints": {
                "sizing-mode": "fixed",
                "value": 55.0
              }
            },
            "font-weight": 500.0,
            "color": {
              "alpha": 1.0,
              "hue": 68.78048780487804,
              "saturation": 0.3904761904761905,
              "value": 0.4117647058823529
            },
            "text-content": "00:00",
            "overflow": "visible",
            "max-lines": -1,
            "text-align": "left",
            "text-align-vertical": "center",
            "text-size": 40.0,
            "line-height": 1.2,
            "typeface": "Albert Sans"
          },
          {
            "id": "Recents",
            "alignment": {
              "horizontal": {
                "attachment": "center",
                "offset": -159.5
              },
              "vertical": {
                "attachment": "center",
                "offset": 101.5
              }
            },
            "size-constraints": {
              "width-constraints": {
                "sizing-mode": "fixed",
                "value": 123.0
              },
              "height-constraints": {
                "sizing-mode": "fixed",
                "value": 41.0
              }
            },
            "font-weight": 500.0,
            "text-content": "Recents",
            "overflow": "visible",
            "max-lines": -1,
            "text-align": "left",
            "text-align-vertical": "center",
            "text-size": 35.0,
            "line-height": 1.196000017438616,
            "typeface": "Advent Pro"
          },
          {
            "id": "5:00",
            "alignment": {
              "horizontal": {
                "attachment": "center",
                "offset": -118.3310546875
              },
              "vertical": {
                "attachment": "center",
                "offset": 154.0
              }
            },
            "size-constraints": {
              "width-constraints": {
                "sizing-mode": "fixed",
                "value": 80.0
              },
              "height-constraints": {
                "sizing-mode": "fixed",
                "value": 40.0
              }
            },
            "font-weight": 500.0,
            "text-content": "5:00",
            "overflow": "visible",
            "max-lines": -1,
            "text-align": "left",
            "text-align-vertical": "center",
            "text-size": 30.0,
            "line-height": 1.1960000356038412,
            "typeface": "Advent Pro"
          },
          {
            "id": "countdown",
            "border-radius": 10.0,
            "alignment": {
              "horizontal": {
                "attachment": "start",
                "offset": 76.0
              },
              "vertical": {
                "attachment": "start",
                "offset": 252.0
              }
            },
            "size-constraints": {
              "width-constraints": {
                "sizing-mode": "fixed",
                "value": 335.0
              },
              "height-constraints": {
                "sizing-mode": "fixed",
                "value": 70.0
              }
            },
            "is-structured": false,
            "children": [
              "cd bg",
              "O hours 2 min 32 sec"
            ],
            "clip-content": false
          },
          {
            "id": "start elipse",
            "alignment": {
              "horizontal": {
                "attachment": "start",
                "offset": 320.0
              },
              "vertical": {
                "attachment": "start",
                "offset": 383.0
              }
            },
            "size-constraints": {
              "width-constraints": {
                "sizing-mode": "fixed",
                "value": 100.0
              },
              "height-constraints": {
                "sizing-mode": "fixed",
                "value": 100.0
              }
            },
            "is-structured": false,
            "children": [
              "start 30",
              "Start"
            ],
            "clip-content": false
          },
          {
            "id": "cancel elipse",
            "alignment": {
              "horizontal": {
                "attachment": "start",
                "offset": 76.0
              },
              "vertical": {
                "attachment": "start",
                "offset": 383.0
              }
            },
            "size-constraints": {
              "width-constraints": {
                "sizing-mode": "fixed",
                "value": 100.0
              },
              "height-constraints": {
                "sizing-mode": "fixed",
                "value": 100.0
              }
            },
            "is-structured": false,
            "children": [
              "cancel 30",
              "Cancel"
            ],
            "clip-content": false
          },
          {
            "id": "start",
            "border-radius": 20.0,
            "alignment": {
              "horizontal": {
                "attachment": "start",
                "offset": 361.6689453125
              },
              "vertical": {
                "attachment": "start",
                "offset": 586.0
              }
            },
            "size-constraints": {
              "width-constraints": {
                "sizing-mode": "fixed",
                "value": 78.0
              },
              "height-constraints": {
                "sizing-mode": "fixed",
                "value": 38.0
              }
            },
            "is-structured": false,
            "children": [
              "Rectangle 22",
              "Start1"
            ],
            "clip-content": false
          },
          {
            "id": "Frame 108",
            "alignment": {
              "horizontal": {
                "attachment": "start",
                "offset": 411.0
              },
              "vertical": {
                "attachment": "start",
                "offset": 37.0
              }
            },
            "size-constraints": {
              "width-constraints": {
                "sizing-mode": "fixed",
                "value": 43.0
              },
              "height-constraints": {
                "sizing-mode": "fixed",
                "value": 38.0
              }
            },
            "is-structured": false,
            "children": [
              "image"
            ],
            "clip-content": false
          },
          {
            "id": "icon",
            "size-constraints": {
              "width-constraints": {
                "sizing-mode": "proportional",
                "value": 1.0
              },
              "height-constraints": {
                "sizing-mode": "proportional",
                "value": 1.0
              }
            },
            "vector-content": "icon.svg"
          },
          {
            "id": "cd bg",
            "border-radius": 10.0,
            "alignment": {
              "horizontal": {
                "attachment": "center",
                "offset": 0.0
              },
              "vertical": {
                "attachment": "center",
                "offset": 0.0
              }
            },
            "size-constraints": {
              "width-constraints": {
                "sizing-mode": "fixed",
                "value": 335.0
              },
              "height-constraints": {
                "sizing-mode": "fixed",
                "value": 70.0
              }
            },
            "vector-content": "cd_bg.svg"
          },
          {
            "id": "O hours 2 min 32 sec",
            "alignment": {
              "horizontal": {
                "attachment": "center",
                "offset": 0.0
              },
              "vertical": {
                "attachment": "center",
                "offset": 0.0
              }
            },
            "size-constraints": {
              "width-constraints": {
                "sizing-mode": "fixed",
                "value": 335.0
              },
              "height-constraints": {
                "sizing-mode": "fixed",
                "value": 70.0
              }
            },
            "font-weight": 500.0,
            "text-content": "O hours 2 min 32 sec",
            "overflow": "visible",
            "max-lines": -1,
            "text-align": "left",
            "text-align-vertical": "center",
            "text-size": 40.0,
            "line-height": 1.1960000038146972,
            "typeface": "Advent Pro"
          },
          {
            "id": "start 30",
            "alignment": {
              "horizontal": {
                "attachment": "center",
                "offset": 0.0
              },
              "vertical": {
                "attachment": "center",
                "offset": 0.0
              }
            },
            "size-constraints": {
              "width-constraints": {
                "sizing-mode": "fixed",
                "value": 100.0
              },
              "height-constraints": {
                "sizing-mode": "fixed",
                "value": 100.0
              }
            },
            "vector-content": "start_30.svg"
          },
          {
            "id": "Start",
            "alignment": {
              "horizontal": {
                "attachment": "center",
                "offset": 0.0
              },
              "vertical": {
                "attachment": "center",
                "offset": 0.0
              }
            },
            "size-constraints": {
              "width-constraints": {
                "sizing-mode": "fixed",
                "value": 100.0
              },
              "height-constraints": {
                "sizing-mode": "fixed",
                "value": 100.0
              }
            },
            "font-weight": 500.0,
            "color": {
              "alpha": 1.0,
              "hue": 120.0,
              "saturation": 1.0,
              "value": 0.7490196078431373
            },
            "text-content": "Start",
            "overflow": "visible",
            "max-lines": -1,
            "text-align": "left",
            "text-align-vertical": "center",
            "text-size": 24.0,
            "line-height": 1.1959999402364094,
            "typeface": "Advent Pro",
            "case": "upper"
          },
          {
            "id": "cancel 30",
            "alignment": {
              "horizontal": {
                "attachment": "center",
                "offset": 0.0
              },
              "vertical": {
                "attachment": "center",
                "offset": 0.0
              }
            },
            "size-constraints": {
              "width-constraints": {
                "sizing-mode": "fixed",
                "value": 100.0
              },
              "height-constraints": {
                "sizing-mode": "fixed",
                "value": 100.0
              }
            },
            "vector-content": "cancel_30.svg"
          },
          {
            "id": "Cancel",
            "alignment": {
              "horizontal": {
                "attachment": "center",
                "offset": 0.0
              },
              "vertical": {
                "attachment": "center",
                "offset": 0.0
              }
            },
            "size-constraints": {
              "width-constraints": {
                "sizing-mode": "fixed",
                "value": 100.0
              },
              "height-constraints": {
                "sizing-mode": "fixed",
                "value": 100.0
              }
            },
            "font-weight": 500.0,
            "color": {
              "alpha": 1.0,
              "hue": 0.0,
              "saturation": 1.0,
              "value": 1.0
            },
            "text-content": "Cancel",
            "overflow": "visible",
            "max-lines": -1,
            "text-align": "left",
            "text-align-vertical": "center",
            "text-size": 24.0,
            "line-height": 1.1959999402364094,
            "typeface": "Advent Pro",
            "case": "upper"
          },
          {
            "id": "Rectangle 22",
            "border-radius": 20.0,
            "alignment": {
              "horizontal": {
                "attachment": "center",
                "offset": 0.0
              },
              "vertical": {
                "attachment": "center",
                "offset": 0.0
              }
            },
            "size-constraints": {
              "width-constraints": {
                "sizing-mode": "fixed",
                "value": 78.0
              },
              "height-constraints": {
                "sizing-mode": "fixed",
                "value": 38.0
              }
            },
            "vector-content": "rectangle_22.svg"
          },
          {
            "id": "Start1",
            "alignment": {
              "horizontal": {
                "attachment": "center",
                "offset": -0.5
              },
              "vertical": {
                "attachment": "center",
                "offset": -0.5
              }
            },
            "size-constraints": {
              "width-constraints": {
                "sizing-mode": "fixed",
                "value": 55.0
              },
              "height-constraints": {
                "sizing-mode": "fixed",
                "value": 21.0
              }
            },
            "font-weight": 500.0,
            "text-content": "Start",
            "overflow": "visible",
            "max-lines": -1,
            "text-align": "left",
            "text-size": 17.0,
            "line-height": 1.1959999308866613,
            "typeface": "Advent Pro"
          },
          {
            "id": "image",
            "size-constraints": {
              "width-constraints": {
                "sizing-mode": "fixed",
                "value": 43.0
              },
              "height-constraints": {
                "sizing-mode": "fixed",
                "value": 38.0
              }
            },
            "scale": "cover"
          }
        ]
      }
    }
  },
  "parameters": {
    "arrow_back17": {
      "data-type": "void-callback",
      "required": false,
      "description": ""
    }
  },
  "previews": [
    {
      "design": "Frame 17",
      "size": {
        "width": 480.0,
        "height": 900.0
      }
    }
  ],
  "adin-component-search-paths": [],
  "image-search-paths": [],
  "vector-search-paths": []
}