{
  "name": "frame_4",
  "version": 33,
  "source-key": {
    "type": "figma",
    "file": "CTIPlDZ7ofRjHXmGjz3ddb",
    "node": "1:227",
    "version": "2190508242373426158",
    "component-id": "ee78729f0a706bf4e17b6d222a895de82fc022e1"
  },
  "default": "Frame 4",
  "design": {
    "atoms": [
      {
        "type": "group",
        "id": "top_level",
        "root": "true"
      },
      {
        "type": "vector",
        "id": "splash2"
      },
      {
        "type": "vector",
        "id": "image 1"
      },
      {
        "type": "vector",
        "id": "Ellipse 1"
      },
      {
        "type": "group",
        "id": "welcome "
      },
      {
        "type": "group",
        "id": "get started"
      },
      {
        "type": "text",
        "id": "SMART MANAGER36"
      },
      {
        "type": "text",
        "id": "Welcome"
      },
      {
        "type": "text",
        "id": "Are you ready to take off?"
      },
      {
        "type": "vector",
        "id": "Rectangle 7"
      },
      {
        "type": "text",
        "id": "Get Started"
      }
    ],
    "modes": {
      "Frame 4": {
        "rules": [
          {
            "id": "top_level",
            "is-structured": false,
            "children": [
              "splash2",
              "image 1",
              "Ellipse 1",
              "welcome ",
              "get started",
              "SMART MANAGER36"
            ],
            "background-color": {
              "alpha": 1.0,
              "hue": 0.0,
              "saturation": 0.0,
              "value": 1.0
            }
          },
          {
            "id": "splash2",
            "alignment": {
              "horizontal": {
                "attachment": "center",
                "offset": 0.0
              },
              "vertical": {
                "attachment": "center",
                "offset": 0.0
              }
            },
            "size-constraints": {
              "width-constraints": {
                "sizing-mode": "fixed",
                "value": 480.0
              },
              "height-constraints": {
                "sizing-mode": "fixed",
                "value": 900.0
              }
            },
            "vector-content": "splash2.svg"
          },
          {
            "id": "image 1",
            "alignment": {
              "horizontal": {
                "attachment": "center",
                "offset": 0.0
              },
              "vertical": {
                "attachment": "center",
                "offset": -756.0
              }
            },
            "size-constraints": {
              "width-constraints": {
                "sizing-mode": "fixed",
                "value": 430.0
              },
              "height-constraints": {
                "sizing-mode": "fixed",
                "value": 548.0
              }
            }
          },
          {
            "id": "Ellipse 1",
            "alignment": {
              "horizontal": {
                "attachment": "center",
                "offset": 200.0
              },
              "vertical": {
                "attachment": "center",
                "offset": -200.0
              }
            },
            "size-constraints": {
              "width-constraints": {
                "sizing-mode": "fixed",
                "value": 500.0
              },
              "height-constraints": {
                "sizing-mode": "fixed",
                "value": 500.0
              }
            },
            "vector-content": "ellipse_1.svg"
          },
          {
            "id": "welcome ",
            "alignment": {
              "horizontal": {
                "attachment": "start",
                "offset": 90.0
              },
              "vertical": {
                "attachment": "start",
                "offset": 435.0
              }
            },
            "size-constraints": {
              "width-constraints": {
                "sizing-mode": "fixed",
                "value": 300.0
              },
              "height-constraints": {
                "sizing-mode": "fixed",
                "value": 80.0
              }
            },
            "is-structured": false,
            "children": [
              "Welcome",
              "Are you ready to take off?"
            ],
            "clip-content": false
          },
          {
            "id": "get started",
            "border-radius": 25.0,
            "alignment": {
              "horizontal": {
                "attachment": "start",
                "offset": 150.0
              },
              "vertical": {
                "attachment": "start",
                "offset": 600.0
              }
            },
            "tap-handler": "$on get started tapped",
            "size-constraints": {
              "width-constraints": {
                "sizing-mode": "fixed",
                "value": 200.0
              },
              "height-constraints": {
                "sizing-mode": "fixed",
                "value": 45.0
              }
            },
            "is-structured": false,
            "children": [
              "Rectangle 7",
              "Get Started"
            ],
            "clip-content": false
          },
          {
            "id": "SMART MANAGER36",
            "alignment": {
              "horizontal": {
                "attachment": "center",
                "offset": 0.59375
              },
              "vertical": {
                "attachment": "center",
                "offset": -162.4901123046875
              }
            },
            "size-constraints": {
              "width-constraints": {
                "sizing-mode": "fixed",
                "value": 480.0
              },
              "height-constraints": {
                "sizing-mode": "fixed",
                "value": 124.980224609375
              }
            },
            "font-weight": 700.0,
            "text-content": "SMART MANAGER ",
            "overflow": "visible",
            "max-lines": -1,
            "text-align": "left",
            "text-align-vertical": "center",
            "text-size": 64.0,
            "line-height": 1.1959999799728394,
            "typeface": "Advent Pro"
          },
          {
            "id": "Welcome",
            "alignment": {
              "horizontal": {
                "attachment": "center",
                "offset": 0.0
              },
              "vertical": {
                "attachment": "center",
                "offset": -20.0
              }
            },
            "size-constraints": {
              "width-constraints": {
                "sizing-mode": "fixed",
                "value": 300.0
              },
              "height-constraints": {
                "sizing-mode": "fixed",
                "value": 40.0
              }
            },
            "font-weight": 700.0,
            "text-content": "Welcome",
            "overflow": "visible",
            "max-lines": -1,
            "text-align": "left",
            "text-align-vertical": "center",
            "text-size": 52.0,
            "line-height": 1.5,
            "typeface": "Poppins"
          },
          {
            "id": "Are you ready to take off?",
            "alignment": {
              "horizontal": {
                "attachment": "center",
                "offset": 0.0
              },
              "vertical": {
                "attachment": "center",
                "offset": 20.0
              }
            },
            "size-constraints": {
              "width-constraints": {
                "sizing-mode": "fixed",
                "value": 300.0
              },
              "height-constraints": {
                "sizing-mode": "fixed",
                "value": 40.0
              }
            },
            "font-weight": 300.0,
            "text-content": "Are you ready to take off?",
            "italic": true,
            "overflow": "visible",
            "max-lines": -1,
            "text-align": "left",
            "text-align-vertical": "center",
            "text-size": 19.0,
            "line-height": 1.5,
            "typeface": "Poppins"
          },
          {
            "id": "Rectangle 7",
            "border-radius": 25.0,
            "drop-shadow": {
              "color": {
                "alpha": 0.24705882352941178,
                "hue": 0.0,
                "saturation": 0.0,
                "value": 0.0
              },
              "blur": 4.0,
              "offset-x": 0.0,
              "offset-y": 4.0,
              "spread": 0.0,
              "blend-mode": "normal"
            },
            "alignment": {
              "horizontal": {
                "attachment": "center",
                "offset": -4.0
              },
              "vertical": {
                "attachment": "center",
                "offset": 0.0
              }
            },
            "size-constraints": {
              "width-constraints": {
                "sizing-mode": "fixed",
                "value": 200.0
              },
              "height-constraints": {
                "sizing-mode": "fixed",
                "value": 45.0
              }
            },
            "vector-content": "rectangle_7.svg"
          },
          {
            "id": "Get Started",
            "alignment": {
              "horizontal": {
                "attachment": "center",
                "offset": 0.0
              },
              "vertical": {
                "attachment": "center",
                "offset": 0.0
              }
            },
            "size-constraints": {
              "width-constraints": {
                "sizing-mode": "fixed",
                "value": 200.0
              },
              "height-constraints": {
                "sizing-mode": "fixed",
                "value": 45.0
              }
            },
            "font-weight": 600.0,
            "text-content": "Get Started",
            "overflow": "visible",
            "max-lines": -1,
            "text-align": "left",
            "text-align-vertical": "center",
            "text-size": 26.0,
            "line-height": 1.5,
            "typeface": "Poppins"
          }
        ]
      }
    }
  },
  "parameters": {
    "on get started tapped": {
      "data-type": "void-callback",
      "required": false,
      "description": ""
    }
  },
  "previews": [
    {
      "design": "Frame 4",
      "size": {
        "width": 480.0,
        "height": 900.0
      }
    }
  ],
  "adin-component-search-paths": [],
  "image-search-paths": [],
  "vector-search-paths": []
}