{
  "name": "frame_1",
  "version": 33,
  "source-key": {
    "type": "figma",
    "file": "CTIPlDZ7ofRjHXmGjz3ddb",
    "node": "1:216",
    "version": "2190508242373426158",
    "component-id": "1c73af052be52d00f99a7defd3aab8ede15e78a5"
  },
  "default": "Frame 1",
  "design": {
    "atoms": [
      {
        "type": "group",
        "id": "top_level",
        "root": "true"
      },
      {
        "type": "image",
        "id": "airplane"
      }
    ],
    "modes": {
      "Frame 1": {
        "rules": [
          {
            "id": "top_level",
            "is-structured": false,
            "children": [
              "airplane"
            ],
            "background-color": {
              "alpha": 1.0,
              "hue": 0.0,
              "saturation": 0.0,
              "value": 1.0
            }
          },
          {
            "id": "airplane",
            "alignment": {
              "horizontal": {
                "attachment": "center",
                "offset": 0.0
              },
              "vertical": {
                "attachment": "center",
                "offset": 714.0
              }
            },
            "size-constraints": {
              "width-constraints": {
                "sizing-mode": "fixed",
                "value": 480.0
              },
              "height-constraints": {
                "sizing-mode": "fixed",
                "value": 700.0
              }
            },
            "image-content": "airplane.png",
            "scale": "cover"
          }
        ]
      }
    }
  },
  "previews": [
    {
      "design": "Frame 1",
      "size": {
        "width": 480.0,
        "height": 900.0
      }
    }
  ],
  "adin-component-search-paths": [],
  "image-search-paths": [],
  "vector-search-paths": []
}