{
  "name": "frame_3",
  "version": 33,
  "source-key": {
    "type": "figma",
    "file": "CTIPlDZ7ofRjHXmGjz3ddb",
    "node": "1:220",
    "version": "2190508242373426158",
    "component-id": "3623e73c78a3a961ef35d22e65ffe4351f91eb4f"
  },
  "default": "Frame 3",
  "design": {
    "atoms": [
      {
        "type": "group",
        "id": "top_level",
        "root": "true"
      },
      {
        "type": "vector",
        "id": "image 1"
      },
      {
        "type": "group",
        "id": "welcome"
      },
      {
        "type": "vector",
        "id": "Ellipse 1"
      },
      {
        "type": "image",
        "id": "airplane"
      },
      {
        "type": "text",
        "id": "Welcome"
      },
      {
        "type": "text",
        "id": "Are you ready to take off?"
      }
    ],
    "modes": {
      "Frame 3": {
        "rules": [
          {
            "id": "top_level",
            "is-structured": false,
            "children": [
              "image 1",
              "welcome",
              "Ellipse 1",
              "airplane"
            ],
            "background-color": {
              "alpha": 1.0,
              "hue": 0.0,
              "saturation": 0.0,
              "value": 1.0
            }
          },
          {
            "id": "image 1",
            "alignment": {
              "horizontal": {
                "attachment": "center",
                "offset": 0.0
              },
              "vertical": {
                "attachment": "center",
                "offset": -756.1395263671875
              }
            },
            "size-constraints": {
              "width-constraints": {
                "sizing-mode": "fixed",
                "value": 480.0
              },
              "height-constraints": {
                "sizing-mode": "fixed",
                "value": 611.720947265625
              }
            }
          },
          {
            "id": "welcome",
            "alignment": {
              "horizontal": {
                "attachment": "center",
                "offset": 10.0
              },
              "vertical": {
                "attachment": "center",
                "offset": -196.0
              }
            },
            "size-constraints": {
              "width-constraints": {
                "sizing-mode": "fixed",
                "value": 300.0
              },
              "height-constraints": {
                "sizing-mode": "fixed",
                "value": 80.0
              }
            },
            "is-structured": false,
            "children": [
              "Welcome",
              "Are you ready to take off?"
            ],
            "clip-content": false
          },
          {
            "id": "Ellipse 1",
            "alignment": {
              "horizontal": {
                "attachment": "center",
                "offset": 10.0
              },
              "vertical": {
                "attachment": "center",
                "offset": 450.0
              }
            },
            "size-constraints": {
              "width-constraints": {
                "sizing-mode": "fixed",
                "value": 500.0
              },
              "height-constraints": {
                "sizing-mode": "fixed",
                "value": 500.0
              }
            },
            "vector-content": "ellipse_1.svg"
          },
          {
            "id": "airplane",
            "alignment": {
              "horizontal": {
                "attachment": "center",
                "offset": 0.0
              },
              "vertical": {
                "attachment": "center",
                "offset": -100.0
              }
            },
            "size-constraints": {
              "width-constraints": {
                "sizing-mode": "fixed",
                "value": 480.0
              },
              "height-constraints": {
                "sizing-mode": "fixed",
                "value": 700.0
              }
            },
            "image-content": "airplane.png",
            "scale": "cover"
          },
          {
            "id": "Welcome",
            "alignment": {
              "horizontal": {
                "attachment": "center",
                "offset": 0.0
              },
              "vertical": {
                "attachment": "center",
                "offset": -20.0
              }
            },
            "size-constraints": {
              "width-constraints": {
                "sizing-mode": "fixed",
                "value": 300.0
              },
              "height-constraints": {
                "sizing-mode": "fixed",
                "value": 40.0
              }
            },
            "font-weight": 700.0,
            "text-content": "Welcome",
            "overflow": "visible",
            "max-lines": -1,
            "text-align": "left",
            "text-align-vertical": "center",
            "text-size": 52.0,
            "line-height": 1.5,
            "typeface": "Poppins"
          },
          {
            "id": "Are you ready to take off?",
            "alignment": {
              "horizontal": {
                "attachment": "center",
                "offset": 0.0
              },
              "vertical": {
                "attachment": "center",
                "offset": 20.0
              }
            },
            "size-constraints": {
              "width-constraints": {
                "sizing-mode": "fixed",
                "value": 300.0
              },
              "height-constraints": {
                "sizing-mode": "fixed",
                "value": 40.0
              }
            },
            "font-weight": 300.0,
            "text-content": "Are you ready to take off?",
            "italic": true,
            "overflow": "visible",
            "max-lines": -1,
            "text-align": "left",
            "text-align-vertical": "center",
            "text-size": 19.0,
            "line-height": 1.5,
            "typeface": "Poppins"
          }
        ]
      }
    }
  },
  "previews": [
    {
      "design": "Frame 3",
      "size": {
        "width": 480.0,
        "height": 900.0
      }
    }
  ],
  "adin-component-search-paths": [],
  "image-search-paths": [],
  "vector-search-paths": []
}