{
  "name": "frame_16",
  "version": 33,
  "source-key": {
    "type": "figma",
    "file": "CTIPlDZ7ofRjHXmGjz3ddb",
    "node": "1:431",
    "version": "2190508242373426158",
    "component-id": "af46518f7fe0cc4ea5607d0ed6ea50fa92bd4ef5"
  },
  "default": "Frame 16",
  "design": {
    "atoms": [
      {
        "type": "group",
        "id": "top_level",
        "root": "true"
      },
      {
        "type": "vector",
        "id": "LOGINBG"
      },
      {
        "type": "text",
        "id": "notes"
      },
      {
        "type": "text",
        "id": "Title:"
      },
      {
        "type": "group",
        "id": "line"
      },
      {
        "type": "group",
        "id": "arrow_back"
      },
      {
        "type": "vector",
        "id": "bg design"
      },
      {
        "type": "vector",
        "id": "bg design1"
      },
      {
        "type": "vector",
        "id": "bg design2"
      },
      {
        "type": "vector",
        "id": "bg design3"
      },
      {
        "type": "vector",
        "id": "bg design4"
      },
      {
        "type": "vector",
        "id": "bg design5"
      },
      {
        "type": "vector",
        "id": "bg design6"
      },
      {
        "type": "vector",
        "id": "bg design7"
      },
      {
        "type": "vector",
        "id": "bg design8"
      },
      {
        "type": "vector",
        "id": "icon"
      }
    ],
    "modes": {
      "Frame 16": {
        "rules": [
          {
            "id": "top_level",
            "is-structured": false,
            "children": [
              "LOGINBG",
              "notes",
              "Title:",
              "line",
              "arrow_back"
            ],
            "clip-content": false
          },
          {
            "id": "LOGINBG",
            "alignment": {
              "horizontal": {
                "attachment": "center",
                "offset": 0.0
              },
              "vertical": {
                "attachment": "center",
                "offset": 0.0
              }
            },
            "size-constraints": {
              "width-constraints": {
                "sizing-mode": "fixed",
                "value": 480.0
              },
              "height-constraints": {
                "sizing-mode": "fixed",
                "value": 900.0
              }
            },
            "vector-content": "loginbg.svg"
          },
          {
            "id": "notes",
            "alignment": {
              "horizontal": {
                "attachment": "center",
                "offset": 0.0
              },
              "vertical": {
                "attachment": "center",
                "offset": -394.0
              }
            },
            "size-constraints": {
              "width-constraints": {
                "sizing-mode": "fixed",
                "value": 120.0
              },
              "height-constraints": {
                "sizing-mode": "fixed",
                "value": 50.0
              }
            },
            "font-weight": 700.0,
            "text-content": "Notes ",
            "overflow": "visible",
            "max-lines": -1,
            "text-align": "left",
            "text-align-vertical": "center",
            "text-size": 40.0,
            "line-height": 1.1960000038146972,
            "typeface": "Advent Pro",
            "case": "upper"
          },
          {
            "id": "Title:",
            "alignment": {
              "horizontal": {
                "attachment": "center",
                "offset": -173.0
              },
              "vertical": {
                "attachment": "center",
                "offset": -327.0
              }
            },
            "size-constraints": {
              "width-constraints": {
                "sizing-mode": "fixed",
                "value": 50.0
              },
              "height-constraints": {
                "sizing-mode": "fixed",
                "value": 40.0
              }
            },
            "font-weight": 500.0,
            "text-content": "Title:",
            "overflow": "visible",
            "max-lines": -1,
            "text-align": "left",
            "text-align-vertical": "center",
            "text-size": 28.0,
            "line-height": 1.1959999629429408,
            "typeface": "Advent Pro"
          },
          {
            "id": "line",
            "alignment": {
              "horizontal": {
                "attachment": "center",
                "offset": -165.000732421875
              },
              "vertical": {
                "attachment": "center",
                "offset": 36.5
              }
            },
            "size-constraints": {
              "width-constraints": {
                "sizing-mode": "fixed",
                "value": 150.00146484375
              },
              "height-constraints": {
                "sizing-mode": "fixed",
                "value": 675.0
              }
            },
            "is-structured": false,
            "children": [
              "bg design",
              "bg design1",
              "bg design2",
              "bg design3",
              "bg design4",
              "bg design5",
              "bg design6",
              "bg design7",
              "bg design8"
            ],
            "clip-content": false
          },
          {
            "id": "arrow_back",
            "alignment": {
              "horizontal": {
                "attachment": "center",
                "offset": -195.0
              },
              "vertical": {
                "attachment": "center",
                "offset": -400.0
              }
            },
            "tap-handler": "$arrow_back16",
            "size-constraints": {
              "width-constraints": {
                "sizing-mode": "fixed",
                "value": 50.0
              },
              "height-constraints": {
                "sizing-mode": "fixed",
                "value": 40.0
              }
            },
            "is-structured": false,
            "children": [
              "icon"
            ],
            "clip-content": false
          },
          {
            "id": "bg design",
            "alignment": {
              "horizontal": {
                "attachment": "center",
                "offset": 35.000732421875
              },
              "vertical": {
                "attachment": "center",
                "offset": 262.5
              }
            },
            "size-constraints": {
              "width-constraints": {
                "sizing-mode": "fixed",
                "value": 220.0
              },
              "height-constraints": {
                "sizing-mode": "fixed",
                "value": 5.0
              }
            },
            "vector-content": "bg_design.svg"
          },
          {
            "id": "bg design1",
            "alignment": {
              "horizontal": {
                "attachment": "center",
                "offset": 35.000732421875
              },
              "vertical": {
                "attachment": "center",
                "offset": 187.5
              }
            },
            "size-constraints": {
              "width-constraints": {
                "sizing-mode": "fixed",
                "value": 220.0
              },
              "height-constraints": {
                "sizing-mode": "fixed",
                "value": 5.0
              }
            },
            "vector-content": "bg_design1.svg"
          },
          {
            "id": "bg design2",
            "alignment": {
              "horizontal": {
                "attachment": "center",
                "offset": 35.000732421875
              },
              "vertical": {
                "attachment": "center",
                "offset": 112.5
              }
            },
            "size-constraints": {
              "width-constraints": {
                "sizing-mode": "fixed",
                "value": 220.0
              },
              "height-constraints": {
                "sizing-mode": "fixed",
                "value": 5.0
              }
            },
            "vector-content": "bg_design2.svg"
          },
          {
            "id": "bg design3",
            "alignment": {
              "horizontal": {
                "attachment": "center",
                "offset": 35.000732421875
              },
              "vertical": {
                "attachment": "center",
                "offset": 37.5
              }
            },
            "size-constraints": {
              "width-constraints": {
                "sizing-mode": "fixed",
                "value": 220.0
              },
              "height-constraints": {
                "sizing-mode": "fixed",
                "value": 5.0
              }
            },
            "vector-content": "bg_design3.svg"
          },
          {
            "id": "bg design4",
            "alignment": {
              "horizontal": {
                "attachment": "center",
                "offset": 35.000732421875
              },
              "vertical": {
                "attachment": "center",
                "offset": -37.5
              }
            },
            "size-constraints": {
              "width-constraints": {
                "sizing-mode": "fixed",
                "value": 220.0
              },
              "height-constraints": {
                "sizing-mode": "fixed",
                "value": 5.0
              }
            },
            "vector-content": "bg_design4.svg"
          },
          {
            "id": "bg design5",
            "alignment": {
              "horizontal": {
                "attachment": "center",
                "offset": 35.000732421875
              },
              "vertical": {
                "attachment": "center",
                "offset": -112.5
              }
            },
            "size-constraints": {
              "width-constraints": {
                "sizing-mode": "fixed",
                "value": 220.0
              },
              "height-constraints": {
                "sizing-mode": "fixed",
                "value": 5.0
              }
            },
            "vector-content": "bg_design5.svg"
          },
          {
            "id": "bg design6",
            "alignment": {
              "horizontal": {
                "attachment": "center",
                "offset": 35.000732421875
              },
              "vertical": {
                "attachment": "center",
                "offset": -187.5
              }
            },
            "size-constraints": {
              "width-constraints": {
                "sizing-mode": "fixed",
                "value": 220.0
              },
              "height-constraints": {
                "sizing-mode": "fixed",
                "value": 5.0
              }
            },
            "vector-content": "bg_design6.svg"
          },
          {
            "id": "bg design7",
            "alignment": {
              "horizontal": {
                "attachment": "center",
                "offset": 35.000732421875
              },
              "vertical": {
                "attachment": "center",
                "offset": -262.5
              }
            },
            "size-constraints": {
              "width-constraints": {
                "sizing-mode": "fixed",
                "value": 220.0
              },
              "height-constraints": {
                "sizing-mode": "fixed",
                "value": 5.0
              }
            },
            "vector-content": "bg_design7.svg"
          },
          {
            "id": "bg design8",
            "alignment": {
              "horizontal": {
                "attachment": "center",
                "offset": 35.000732421875
              },
              "vertical": {
                "attachment": "center",
                "offset": -337.5
              }
            },
            "size-constraints": {
              "width-constraints": {
                "sizing-mode": "fixed",
                "value": 220.0
              },
              "height-constraints": {
                "sizing-mode": "fixed",
                "value": 5.0
              }
            },
            "vector-content": "bg_design8.svg"
          },
          {
            "id": "icon",
            "size-constraints": {
              "width-constraints": {
                "sizing-mode": "proportional",
                "value": 1.0
              },
              "height-constraints": {
                "sizing-mode": "proportional",
                "value": 1.0
              }
            },
            "vector-content": "icon.svg"
          }
        ]
      }
    }
  },
  "parameters": {
    "arrow_back16": {
      "data-type": "void-callback",
      "required": false,
      "description": ""
    }
  },
  "previews": [
    {
      "design": "Frame 16",
      "size": {
        "width": 480.0,
        "height": 900.0
      }
    }
  ],
  "adin-component-search-paths": [],
  "image-search-paths": [],
  "vector-search-paths": []
}