{
  "name": "frame_15",
  "version": 33,
  "source-key": {
    "type": "figma",
    "file": "CTIPlDZ7ofRjHXmGjz3ddb",
    "node": "1:399",
    "version": "2190508242373426158",
    "component-id": "31eadf73f2f939621c73055beda09dcccadba6cb"
  },
  "default": "Frame 15",
  "design": {
    "atoms": [
      {
        "type": "group",
        "id": "top_level",
        "root": "true"
      },
      {
        "type": "vector",
        "id": "LOGINBG"
      },
      {
        "type": "text",
        "id": "SMART MANAGER"
      },
      {
        "type": "group",
        "id": "notes"
      },
      {
        "type": "group",
        "id": "mobrog notes"
      },
      {
        "type": "vector",
        "id": "notesbg33"
      },
      {
        "type": "text",
        "id": "DONE"
      },
      {
        "type": "vector",
        "id": "uibg34"
      },
      {
        "type": "text",
        "id": "MOGPROG UI Time: 7:30 AM Repeat: YES Priority level: Medium"
      }
    ],
    "modes": {
      "Frame 15": {
        "rules": [
          {
            "id": "top_level",
            "is-structured": false,
            "children": [
              "LOGINBG",
              "SMART MANAGER",
              "notes",
              "mobrog notes"
            ],
            "clip-content": false
          },
          {
            "id": "LOGINBG",
            "alignment": {
              "horizontal": {
                "attachment": "center",
                "offset": 0.0
              },
              "vertical": {
                "attachment": "center",
                "offset": 0.0
              }
            },
            "size-constraints": {
              "width-constraints": {
                "sizing-mode": "fixed",
                "value": 480.0
              },
              "height-constraints": {
                "sizing-mode": "fixed",
                "value": 900.0
              }
            },
            "vector-content": "loginbg.svg"
          },
          {
            "id": "SMART MANAGER",
            "alignment": {
              "horizontal": {
                "attachment": "center",
                "offset": 0.0
              },
              "vertical": {
                "attachment": "center",
                "offset": -375.0
              }
            },
            "size-constraints": {
              "width-constraints": {
                "sizing-mode": "fixed",
                "value": 350.0
              },
              "height-constraints": {
                "sizing-mode": "fixed",
                "value": 50.0
              }
            },
            "font-weight": 700.0,
            "text-content": "SMART MANAGER ",
            "overflow": "visible",
            "max-lines": -1,
            "text-align": "left",
            "text-align-vertical": "center",
            "text-size": 40.0,
            "line-height": 1.1960000038146972,
            "typeface": "Advent Pro"
          },
          {
            "id": "notes",
            "border-radius": 25.0,
            "drop-shadow": {
              "color": {
                "alpha": 0.24705882352941178,
                "hue": 0.0,
                "saturation": 0.0,
                "value": 0.0
              },
              "blur": 4.0,
              "offset-x": 0.0,
              "offset-y": 4.0,
              "spread": 0.0,
              "blend-mode": "normal"
            },
            "alignment": {
              "horizontal": {
                "attachment": "start",
                "offset": 165.0
              },
              "vertical": {
                "attachment": "start",
                "offset": 650.0
              }
            },
            "tap-handler": "$schedule_edit",
            "size-constraints": {
              "width-constraints": {
                "sizing-mode": "fixed",
                "value": 150.0
              },
              "height-constraints": {
                "sizing-mode": "fixed",
                "value": 50.0
              }
            },
            "is-structured": false,
            "children": [
              "notesbg33",
              "DONE"
            ],
            "clip-content": false
          },
          {
            "id": "mobrog notes",
            "border-radius": 10.0,
            "alignment": {
              "horizontal": {
                "attachment": "start",
                "offset": 97.158935546875
              },
              "vertical": {
                "attachment": "start",
                "offset": 277.709716796875
              }
            },
            "tap-handler": "$done15",
            "size-constraints": {
              "width-constraints": {
                "sizing-mode": "fixed",
                "value": 274.938720703125
              },
              "height-constraints": {
                "sizing-mode": "fixed",
                "value": 204.44140625
              }
            },
            "is-structured": false,
            "children": [
              "uibg34",
              "MOGPROG UI Time: 7:30 AM Repeat: YES Priority level: Medium"
            ],
            "clip-content": false
          },
          {
            "id": "notesbg33",
            "border-radius": 25.0,
            "alignment": {
              "horizontal": {
                "attachment": "center",
                "offset": 0.0
              },
              "vertical": {
                "attachment": "center",
                "offset": 0.0
              }
            },
            "size-constraints": {
              "width-constraints": {
                "sizing-mode": "fixed",
                "value": 150.0
              },
              "height-constraints": {
                "sizing-mode": "fixed",
                "value": 50.0
              }
            },
            "vector-content": "notesbg33.svg"
          },
          {
            "id": "DONE",
            "alignment": {
              "horizontal": {
                "attachment": "center",
                "offset": 0.0
              },
              "vertical": {
                "attachment": "center",
                "offset": 0.0
              }
            },
            "size-constraints": {
              "width-constraints": {
                "sizing-mode": "fixed",
                "value": 150.0
              },
              "height-constraints": {
                "sizing-mode": "fixed",
                "value": 50.0
              }
            },
            "font-weight": 500.0,
            "color": {
              "alpha": 1.0,
              "hue": 66.0,
              "saturation": 0.4054054054054055,
              "value": 0.2901960784313726
            },
            "text-content": "DONE",
            "overflow": "visible",
            "max-lines": -1,
            "text-align": "left",
            "text-align-vertical": "center",
            "text-size": 32.0,
            "line-height": 1.2000000476837158,
            "typeface": "Albert Sans"
          },
          {
            "id": "uibg34",
            "border-radius": 10.0,
            "alignment": {
              "horizontal": {
                "attachment": "center",
                "offset": 0.0
              },
              "vertical": {
                "attachment": "center",
                "offset": 0.0
              }
            },
            "size-constraints": {
              "width-constraints": {
                "sizing-mode": "fixed",
                "value": 274.938720703125
              },
              "height-constraints": {
                "sizing-mode": "fixed",
                "value": 204.44140625
              }
            },
            "vector-content": "uibg34.svg"
          },
          {
            "id": "MOGPROG UI Time: 7:30 AM Repeat: YES Priority level: Medium",
            "alignment": {
              "horizontal": {
                "attachment": "center",
                "offset": 9.164474487304688
              },
              "vertical": {
                "attachment": "center",
                "offset": 0.0
              }
            },
            "size-constraints": {
              "width-constraints": {
                "sizing-mode": "fixed",
                "value": 256.6094665527344
              },
              "height-constraints": {
                "sizing-mode": "fixed",
                "value": 204.44140625
              }
            },
            "font-weight": 500.0,
            "color": {
              "alpha": 1.0,
              "hue": 66.0,
              "saturation": 0.4054054054054055,
              "value": 0.2901960784313726
            },
            "annotated-text-content": {
              "text": "MOGPROG UI\n\nTime: 7:30 AM\nRepeat: YES\nPriority level: Medium",
              "annotated-text-span-list": [
                {
                  "span-start": 0,
                  "span-length": 12,
                  "annotated-text-style": {
                    "text-size": 24.0,
                    "color": {
                      "alpha": 1.0,
                      "hue": 66.0,
                      "saturation": 0.4054054054054055,
                      "value": 0.2901960784313726
                    }
                  }
                },
                {
                  "span-start": 12,
                  "span-length": 48,
                  "annotated-text-style": {
                    "text-size": 24.0
                  }
                }
              ]
            },
            "overflow": "visible",
            "max-lines": -1,
            "text-align": "left",
            "text-align-vertical": "center",
            "text-size": 24.0,
            "line-height": 1.3799999554951983,
            "typeface": "Akshar"
          }
        ]
      }
    }
  },
  "parameters": {
    "schedule_edit": {
      "data-type": "void-callback",
      "required": false,
      "description": ""
    },
    "done15": {
      "data-type": "void-callback",
      "required": false,
      "description": ""
    }
  },
  "previews": [
    {
      "design": "Frame 15",
      "size": {
        "width": 480.0,
        "height": 900.0
      }
    }
  ],
  "adin-component-search-paths": [],
  "image-search-paths": [],
  "vector-search-paths": []
}